[debug] [2026-07-22T06:11:21.467Z] ----------------------------------------------------------------------
[debug] [2026-07-22T06:11:21.471Z] Command:       C:\Program Files\nodejs\node.exe C:\Users\gtavf\AppData\Roaming\npm\node_modules\firebase-tools\lib\bin\firebase.js deploy --project tennisboard-f1b1e --only functions
[debug] [2026-07-22T06:11:21.471Z] CLI Version:   15.24.0
[debug] [2026-07-22T06:11:21.472Z] Platform:      win32
[debug] [2026-07-22T06:11:21.472Z] Node Version:  v24.15.0
[debug] [2026-07-22T06:11:21.472Z] Detected Agent: codex_cli
[debug] [2026-07-22T06:11:21.472Z] Time:          Wed Jul 22 2026 13:11:21 GMT+0700 (Indochina Time)
[debug] [2026-07-22T06:11:21.472Z] ----------------------------------------------------------------------
[debug] 
[debug] [2026-07-22T06:11:23.427Z] > command requires scopes: ["email","openid","https://www.googleapis.com/auth/cloudplatformprojects.readonly","https://www.googleapis.com/auth/firebase","https://www.googleapis.com/auth/cloud-platform"]
[debug] [2026-07-22T06:11:23.427Z] > authorizing via signed-in user (gtavfnaf@gmail.com)
[debug] [2026-07-22T06:11:23.427Z] [iam] checking project tennisboard-f1b1e for permissions ["cloudfunctions.functions.create","cloudfunctions.functions.delete","cloudfunctions.functions.get","cloudfunctions.functions.list","cloudfunctions.functions.update","cloudfunctions.operations.get","firebase.projects.get"]
[debug] [2026-07-22T06:11:23.441Z] Checked if tokens are valid: true, expires at: 1784703856943
[debug] [2026-07-22T06:11:23.441Z] Checked if tokens are valid: true, expires at: 1784703856943
[debug] [2026-07-22T06:11:23.442Z] >>> [apiv2][query] POST https://cloudresourcemanager.googleapis.com/v1/projects/tennisboard-f1b1e:testIamPermissions [none]
[debug] [2026-07-22T06:11:23.442Z] >>> [apiv2][(partial)header] POST https://cloudresourcemanager.googleapis.com/v1/projects/tennisboard-f1b1e:testIamPermissions  x-goog-user-project=tennisboard-f1b1e
[debug] [2026-07-22T06:11:23.442Z] >>> [apiv2][body] POST https://cloudresourcemanager.googleapis.com/v1/projects/tennisboard-f1b1e:testIamPermissions {"permissions":["cloudfunctions.functions.create","cloudfunctions.functions.delete","cloudfunctions.functions.get","cloudfunctions.functions.list","cloudfunctions.functions.update","cloudfunctions.operations.get","firebase.projects.get"]}
[debug] [2026-07-22T06:11:25.310Z] <<< [apiv2][status] POST https://cloudresourcemanager.googleapis.com/v1/projects/tennisboard-f1b1e:testIamPermissions 200
[debug] [2026-07-22T06:11:25.310Z] <<< [apiv2][body] POST https://cloudresourcemanager.googleapis.com/v1/projects/tennisboard-f1b1e:testIamPermissions {"permissions":["cloudfunctions.functions.create","cloudfunctions.functions.delete","cloudfunctions.functions.get","cloudfunctions.functions.list","cloudfunctions.functions.update","cloudfunctions.operations.get","firebase.projects.get"]}
[debug] [2026-07-22T06:11:25.311Z] Checked if tokens are valid: true, expires at: 1784703856943
[debug] [2026-07-22T06:11:25.311Z] Checked if tokens are valid: true, expires at: 1784703856943
[debug] [2026-07-22T06:11:25.311Z] >>> [apiv2][query] POST https://iam.googleapis.com/v1/projects/tennisboard-f1b1e/serviceAccounts/tennisboard-f1b1e@appspot.gserviceaccount.com:testIamPermissions [none]
[debug] [2026-07-22T06:11:25.311Z] >>> [apiv2][body] POST https://iam.googleapis.com/v1/projects/tennisboard-f1b1e/serviceAccounts/tennisboard-f1b1e@appspot.gserviceaccount.com:testIamPermissions {"permissions":["iam.serviceAccounts.actAs"]}
[debug] [2026-07-22T06:11:28.098Z] <<< [apiv2][status] POST https://iam.googleapis.com/v1/projects/tennisboard-f1b1e/serviceAccounts/tennisboard-f1b1e@appspot.gserviceaccount.com:testIamPermissions 200
[debug] [2026-07-22T06:11:28.098Z] <<< [apiv2][body] POST https://iam.googleapis.com/v1/projects/tennisboard-f1b1e/serviceAccounts/tennisboard-f1b1e@appspot.gserviceaccount.com:testIamPermissions {"permissions":["iam.serviceAccounts.actAs"]}
[info] 
[info] === Deploying to 'tennisboard-f1b1e'...
[info] 
[info] i  deploying functions 
[debug] [2026-07-22T06:11:28.101Z] Checked if tokens are valid: true, expires at: 1784703856943
[debug] [2026-07-22T06:11:28.101Z] Checked if tokens are valid: true, expires at: 1784703856943
[debug] [2026-07-22T06:11:28.101Z] >>> [apiv2][query] GET https://cloudresourcemanager.googleapis.com/v1/projects/tennisboard-f1b1e [none]
[debug] [2026-07-22T06:11:28.404Z] <<< [apiv2][status] GET https://cloudresourcemanager.googleapis.com/v1/projects/tennisboard-f1b1e 200
[debug] [2026-07-22T06:11:28.404Z] <<< [apiv2][body] GET https://cloudresourcemanager.googleapis.com/v1/projects/tennisboard-f1b1e {"projectNumber":"633378922804","projectId":"tennisboard-f1b1e","lifecycleState":"ACTIVE","name":"TennisBoard","labels":{"firebase":"enabled","firebase-core":"disabled"},"createTime":"2026-07-20T03:43:58.604Z"}
[info] i  functions: preparing codebase default for deployment 
[info] i  functions: ensuring required API cloudfunctions.googleapis.com is enabled... 
[info] i  functions: ensuring required API cloudbuild.googleapis.com is enabled... 
[info] i  artifactregistry: ensuring required API artifactregistry.googleapis.com is enabled... 
[debug] [2026-07-22T06:11:28.407Z] Checked if tokens are valid: true, expires at: 1784703856943
[debug] [2026-07-22T06:11:28.407Z] Checked if tokens are valid: true, expires at: 1784703856943
[debug] [2026-07-22T06:11:28.407Z] >>> [apiv2][query] GET https://firebase.googleapis.com/v1beta1/projects/tennisboard-f1b1e/adminSdkConfig [none]
[debug] [2026-07-22T06:11:28.984Z] <<< [apiv2][status] GET https://firebase.googleapis.com/v1beta1/projects/tennisboard-f1b1e/adminSdkConfig 200
[debug] [2026-07-22T06:11:28.985Z] <<< [apiv2][body] GET https://firebase.googleapis.com/v1beta1/projects/tennisboard-f1b1e/adminSdkConfig {"projectId":"tennisboard-f1b1e","storageBucket":"tennisboard-f1b1e.firebasestorage.app"}
[debug] [2026-07-22T06:11:28.985Z] Checked if tokens are valid: true, expires at: 1784703856943
[debug] [2026-07-22T06:11:28.985Z] Checked if tokens are valid: true, expires at: 1784703856943
[debug] [2026-07-22T06:11:28.985Z] >>> [apiv2][query] GET https://runtimeconfig.googleapis.com/v1beta1/projects/tennisboard-f1b1e/configs [none]
[debug] [2026-07-22T06:11:29.614Z] <<< [apiv2][status] GET https://runtimeconfig.googleapis.com/v1beta1/projects/tennisboard-f1b1e/configs 200
[debug] [2026-07-22T06:11:29.614Z] <<< [apiv2][body] GET https://runtimeconfig.googleapis.com/v1beta1/projects/tennisboard-f1b1e/configs {}
[debug] [2026-07-22T06:11:29.616Z] Validating nodejs source
[warn] !  functions: package.json indicates an outdated version of firebase-functions. Please upgrade using npm install --save firebase-functions@latest in your functions directory. 
[warn] !  functions: Please note that there will be breaking changes when you upgrade. 
[debug] [2026-07-22T06:11:31.132Z] > [functions] package.json contents: {
  "name": "tennis-board-functions",
  "private": true,
  "main": "lib/index.js",
  "engines": {
    "node": "22"
  },
  "scripts": {
    "build": "tsc",
    "test": "vitest run src"
  },
  "dependencies": {
    "firebase-admin": "^13.4.0",
    "firebase-functions": "^6.4.0"
  },
  "devDependencies": {
    "typescript": "^5.9.0",
    "vitest": "^4.0.0"
  }
}
[debug] [2026-07-22T06:11:31.132Z] Building nodejs source
[info] i  functions: Loading and analyzing source code for codebase default to determine what to deploy 
[debug] [2026-07-22T06:11:31.133Z] Could not find functions.yaml. Must use http discovery
[debug] [2026-07-22T06:11:31.153Z] Found firebase-functions binary at 'D:\Projects\tennisBoard\tennis-board\functions\node_modules\.bin\firebase-functions'
[info] Serving at port 8339

[debug] [2026-07-22T06:11:31.745Z] Got response from /__/functions.yaml {"endpoints":{"dispatchBookingChanges":{"availableMemoryMb":null,"timeoutSeconds":null,"minInstances":null,"maxInstances":null,"ingressSettings":null,"concurrency":null,"serviceAccountEmail":null,"vpc":null,"platform":"gcfv2","region":["asia-southeast1"],"labels":{},"scheduleTrigger":{"schedule":"every 1 minutes","retryConfig":{},"timeZone":"Asia/Bangkok"},"entryPoint":"dispatchBookingChanges"},"sendDailyReminders":{"availableMemoryMb":null,"timeoutSeconds":null,"minInstances":null,"maxInstances":null,"ingressSettings":null,"concurrency":null,"serviceAccountEmail":null,"vpc":null,"platform":"gcfv2","region":["asia-southeast1"],"labels":{},"scheduleTrigger":{"schedule":"0 15 * * *","retryConfig":{},"timeZone":"Asia/Bangkok"},"entryPoint":"sendDailyReminders"}},"specVersion":"v1alpha1","requiredAPIs":[{"api":"cloudscheduler.googleapis.com","reason":"Needed for scheduled functions."}],"extensions":{}}
[debug] [2026-07-22T06:11:34.799Z] Checked if tokens are valid: true, expires at: 1784703856943
[debug] [2026-07-22T06:11:34.799Z] Checked if tokens are valid: true, expires at: 1784703856943
[debug] [2026-07-22T06:11:34.800Z] >>> [apiv2][query] GET https://cloudfunctions.googleapis.com/v1/projects/tennisboard-f1b1e/locations/-/functions [none]
[debug] [2026-07-22T06:11:35.701Z] <<< [apiv2][status] GET https://cloudfunctions.googleapis.com/v1/projects/tennisboard-f1b1e/locations/-/functions 200
[debug] [2026-07-22T06:11:35.701Z] <<< [apiv2][body] GET https://cloudfunctions.googleapis.com/v1/projects/tennisboard-f1b1e/locations/-/functions {}
[debug] [2026-07-22T06:11:35.702Z] Checked if tokens are valid: true, expires at: 1784703856943
[debug] [2026-07-22T06:11:35.702Z] Checked if tokens are valid: true, expires at: 1784703856943
[debug] [2026-07-22T06:11:35.702Z] >>> [apiv2][query] GET https://cloudfunctions.googleapis.com/v2/projects/tennisboard-f1b1e/locations/-/functions filter=environment%3D%22GEN_2%22
[debug] [2026-07-22T06:11:37.344Z] <<< [apiv2][status] GET https://cloudfunctions.googleapis.com/v2/projects/tennisboard-f1b1e/locations/-/functions 200
[debug] [2026-07-22T06:11:37.344Z] <<< [apiv2][body] GET https://cloudfunctions.googleapis.com/v2/projects/tennisboard-f1b1e/locations/-/functions {"functions":[{"name":"projects/tennisboard-f1b1e/locations/asia-southeast1/functions/dispatchBookingChanges","buildConfig":{"build":"projects/633378922804/locations/asia-southeast1/builds/47aa0f0a-b0ff-41ce-bc55-807810d761d7","runtime":"nodejs22","entryPoint":"dispatchBookingChanges","source":{"storageSource":{"bucket":"gcf-v2-sources-633378922804-asia-southeast1","object":"dispatchBookingChanges/function-source.zip","generation":"1784700384639235"}},"environmentVariables":{"GOOGLE_NODE_RUN_SCRIPTS":""},"dockerRepository":"projects/tennisboard-f1b1e/locations/asia-southeast1/repositories/gcf-artifacts","sourceProvenance":{"resolvedStorageSource":{"bucket":"gcf-v2-sources-633378922804-asia-southeast1","object":"dispatchBookingChanges/function-source.zip","generation":"1784700384639235"}},"dockerRegistry":"ARTIFACT_REGISTRY","serviceAccount":"projects/tennisboard-f1b1e/serviceAccounts/633378922804-compute@developer.gserviceaccount.com","automaticUpdatePolicy":{}},"serviceConfig":{"service":"projects/tennisboard-f1b1e/locations/asia-southeast1/services/dispatchbookingchanges","timeoutSeconds":60,"environmentVariables":{"FIREBASE_CONFIG":"{\"projectId\":\"tennisboard-f1b1e\",\"storageBucket\":\"tennisboard-f1b1e.firebasestorage.app\"}","GCLOUD_PROJECT":"tennisboard-f1b1e","EVENTARC_CLOUD_EVENT_SOURCE":"projects/tennisboard-f1b1e/locations/asia-southeast1/services/dispatchBookingChanges","FUNCTION_TARGET":"dispatchBookingChanges","LOG_EXECUTION_ID":"true"},"maxInstanceCount":20,"ingressSettings":"ALLOW_ALL","uri":"https://dispatchbookingchanges-qyvxe23dya-as.a.run.app","serviceAccountEmail":"633378922804-compute@developer.gserviceaccount.com","availableMemory":"256Mi","allTrafficOnLatestRevision":true,"revision":"dispatchbookingchanges-00003-rux","maxInstanceRequestConcurrency":80,"availableCpu":"1"},"state":"ACTIVE","updateTime":"2026-07-22T06:07:07.990214367Z","labels":{"deployment-scheduled":"true","firebase-functions-hash":"33ba8d646593a615814eb6bb28db52908dffd55a","deployment-tool":"cli-firebase"},"environment":"GEN_2","url":"https://asia-southeast1-tennisboard-f1b1e.cloudfunctions.net/dispatchBookingChanges","satisfiesPzs":true,"createTime":"2026-07-22T05:22:50.242085862Z","satisfiesPzi":true},{"name":"projects/tennisboard-f1b1e/locations/asia-southeast1/functions/sendDailyReminders","buildConfig":{"build":"projects/633378922804/locations/asia-southeast1/builds/47aa0f0a-b0ff-41ce-bc55-807810d761d7","runtime":"nodejs22","entryPoint":"sendDailyReminders","source":{"storageSource":{"bucket":"gcf-v2-sources-633378922804-asia-southeast1","object":"sendDailyReminders/function-source.zip","generation":"1784700422931191"}},"environmentVariables":{"GOOGLE_NODE_RUN_SCRIPTS":""},"dockerRepository":"projects/tennisboard-f1b1e/locations/asia-southeast1/repositories/gcf-artifacts","sourceProvenance":{"resolvedStorageSource":{"bucket":"gcf-v2-sources-633378922804-asia-southeast1","object":"sendDailyReminders/function-source.zip","generation":"1784700422931191"}},"dockerRegistry":"ARTIFACT_REGISTRY","serviceAccount":"projects/tennisboard-f1b1e/serviceAccounts/633378922804-compute@developer.gserviceaccount.com","automaticUpdatePolicy":{}},"serviceConfig":{"service":"projects/tennisboard-f1b1e/locations/asia-southeast1/services/senddailyreminders","timeoutSeconds":60,"environmentVariables":{"FIREBASE_CONFIG":"{\"projectId\":\"tennisboard-f1b1e\",\"storageBucket\":\"tennisboard-f1b1e.firebasestorage.app\"}","GCLOUD_PROJECT":"tennisboard-f1b1e","EVENTARC_CLOUD_EVENT_SOURCE":"projects/tennisboard-f1b1e/locations/asia-southeast1/services/sendDailyReminders","FUNCTION_TARGET":"sendDailyReminders","LOG_EXECUTION_ID":"true","FUNCTION_SIGNATURE_TYPE":"http"},"maxInstanceCount":20,"ingressSettings":"ALLOW_ALL","uri":"https://senddailyreminders-qyvxe23dya-as.a.run.app","serviceAccountEmail":"633378922804-compute@developer.gserviceaccount.com","availableMemory":"256Mi","allTrafficOnLatestRevision":true,"revision":"senddailyreminders-00004-yes","maxInstanceRequestConcurrency":80,"availableCpu":"1"},"state":"ACTIVE","updateTime":"2026-07-22T06:07:12.788295524Z","labels":{"deployment-scheduled":"true","firebase-functions-hash":"33ba8d646593a615814eb6bb28db52908dffd55a","deployment-tool":"cli-firebase"},"environment":"GEN_2","url":"https://asia-southeast1-tennisboard-f1b1e.cloudfunctions.net/sendDailyReminders","satisfiesPzs":true,"createTime":"2026-07-22T05:19:31.164902070Z","satisfiesPzi":true}]}
[info] i  extensions: ensuring required API firebaseextensions.googleapis.com is enabled... 
[debug] [2026-07-22T06:11:37.347Z] > command requires scopes: ["email","openid","https://www.googleapis.com/auth/cloudplatformprojects.readonly","https://www.googleapis.com/auth/firebase","https://www.googleapis.com/auth/cloud-platform"]
[debug] [2026-07-22T06:11:37.347Z] > authorizing via signed-in user (gtavfnaf@gmail.com)
[debug] [2026-07-22T06:11:37.347Z] [iam] checking project tennisboard-f1b1e for permissions ["firebase.projects.get","firebaseextensions.instances.list"]
[debug] [2026-07-22T06:11:37.347Z] Checked if tokens are valid: true, expires at: 1784703856943
[debug] [2026-07-22T06:11:37.347Z] Checked if tokens are valid: true, expires at: 1784703856943
[debug] [2026-07-22T06:11:37.348Z] >>> [apiv2][query] POST https://cloudresourcemanager.googleapis.com/v1/projects/tennisboard-f1b1e:testIamPermissions [none]
[debug] [2026-07-22T06:11:37.348Z] >>> [apiv2][(partial)header] POST https://cloudresourcemanager.googleapis.com/v1/projects/tennisboard-f1b1e:testIamPermissions  x-goog-user-project=tennisboard-f1b1e
[debug] [2026-07-22T06:11:37.348Z] >>> [apiv2][body] POST https://cloudresourcemanager.googleapis.com/v1/projects/tennisboard-f1b1e:testIamPermissions {"permissions":["firebase.projects.get","firebaseextensions.instances.list"]}
[debug] [2026-07-22T06:11:38.566Z] <<< [apiv2][status] POST https://cloudresourcemanager.googleapis.com/v1/projects/tennisboard-f1b1e:testIamPermissions 200
[debug] [2026-07-22T06:11:38.566Z] <<< [apiv2][body] POST https://cloudresourcemanager.googleapis.com/v1/projects/tennisboard-f1b1e:testIamPermissions {"permissions":["firebase.projects.get","firebaseextensions.instances.list"]}
[debug] [2026-07-22T06:11:38.567Z] Checked if tokens are valid: true, expires at: 1784703856943
[debug] [2026-07-22T06:11:38.567Z] Checked if tokens are valid: true, expires at: 1784703856943
[debug] [2026-07-22T06:11:38.567Z] >>> [apiv2][query] GET https://firebaseextensions.googleapis.com/v1beta/projects/tennisboard-f1b1e/instances pageSize=100&pageToken=
[debug] [2026-07-22T06:11:40.164Z] <<< [apiv2][status] GET https://firebaseextensions.googleapis.com/v1beta/projects/tennisboard-f1b1e/instances 200
[debug] [2026-07-22T06:11:40.164Z] <<< [apiv2][body] GET https://firebaseextensions.googleapis.com/v1beta/projects/tennisboard-f1b1e/instances {}
[info] i  functions: preparing functions directory for uploading... 
[info] i  functions: packaged D:\Projects\tennisBoard\tennis-board\functions (49.09 KB) for uploading 
[info] i  functions: ensuring required API cloudscheduler.googleapis.com is enabled... 
[info] i  functions: ensuring required API run.googleapis.com is enabled... 
[info] i  functions: ensuring required API eventarc.googleapis.com is enabled... 
[info] i  functions: ensuring required API pubsub.googleapis.com is enabled... 
[info] i  functions: ensuring required API storage.googleapis.com is enabled... 
[info] i  functions: generating the service identity for pubsub.googleapis.com... 
[debug] [2026-07-22T06:11:40.197Z] Checked if tokens are valid: true, expires at: 1784703856943
[debug] [2026-07-22T06:11:40.197Z] Checked if tokens are valid: true, expires at: 1784703856943
[info] i  functions: generating the service identity for eventarc.googleapis.com... 
[debug] [2026-07-22T06:11:40.197Z] Checked if tokens are valid: true, expires at: 1784703856943
[debug] [2026-07-22T06:11:40.197Z] Checked if tokens are valid: true, expires at: 1784703856943
[debug] [2026-07-22T06:11:40.197Z] >>> [apiv2][query] POST https://serviceusage.googleapis.com/v1beta1/projects/633378922804/services/pubsub.googleapis.com:generateServiceIdentity [none]
[debug] [2026-07-22T06:11:40.197Z] >>> [apiv2][(partial)header] POST https://serviceusage.googleapis.com/v1beta1/projects/633378922804/services/pubsub.googleapis.com:generateServiceIdentity  x-goog-user-project=633378922804
[debug] [2026-07-22T06:11:40.197Z] >>> [apiv2][body] POST https://serviceusage.googleapis.com/v1beta1/projects/633378922804/services/pubsub.googleapis.com:generateServiceIdentity {}
[debug] [2026-07-22T06:11:40.198Z] >>> [apiv2][query] POST https://serviceusage.googleapis.com/v1beta1/projects/633378922804/services/eventarc.googleapis.com:generateServiceIdentity [none]
[debug] [2026-07-22T06:11:40.198Z] >>> [apiv2][(partial)header] POST https://serviceusage.googleapis.com/v1beta1/projects/633378922804/services/eventarc.googleapis.com:generateServiceIdentity  x-goog-user-project=633378922804
[debug] [2026-07-22T06:11:40.198Z] >>> [apiv2][body] POST https://serviceusage.googleapis.com/v1beta1/projects/633378922804/services/eventarc.googleapis.com:generateServiceIdentity {}
[debug] [2026-07-22T06:11:40.656Z] <<< [apiv2][status] POST https://serviceusage.googleapis.com/v1beta1/projects/633378922804/services/eventarc.googleapis.com:generateServiceIdentity 200
[debug] [2026-07-22T06:11:40.656Z] <<< [apiv2][body] POST https://serviceusage.googleapis.com/v1beta1/projects/633378922804/services/eventarc.googleapis.com:generateServiceIdentity {"name":"operations/finished.DONE_OPERATION","done":true,"response":{"@type":"type.googleapis.com/google.api.serviceusage.v1beta1.ServiceIdentity","email":"service-633378922804@gcp-sa-eventarc.iam.gserviceaccount.com","uniqueId":"114456664352648930879"}}
[debug] [2026-07-22T06:11:41.702Z] <<< [apiv2][status] POST https://serviceusage.googleapis.com/v1beta1/projects/633378922804/services/pubsub.googleapis.com:generateServiceIdentity 200
[debug] [2026-07-22T06:11:41.702Z] <<< [apiv2][body] POST https://serviceusage.googleapis.com/v1beta1/projects/633378922804/services/pubsub.googleapis.com:generateServiceIdentity {"name":"operations/finished.DONE_OPERATION","done":true,"response":{"@type":"type.googleapis.com/google.api.serviceusage.v1beta1.ServiceIdentity","email":"service-633378922804@gcp-sa-pubsub.iam.gserviceaccount.com","uniqueId":"115366383880735119152"}}
[debug] [2026-07-22T06:11:41.704Z] Checked if tokens are valid: true, expires at: 1784703856943
[debug] [2026-07-22T06:11:41.704Z] Checked if tokens are valid: true, expires at: 1784703856943
[debug] [2026-07-22T06:11:41.705Z] >>> [apiv2][query] GET https://cloudresourcemanager.googleapis.com/v1/projects/tennisboard-f1b1e [none]
[debug] [2026-07-22T06:11:41.997Z] <<< [apiv2][status] GET https://cloudresourcemanager.googleapis.com/v1/projects/tennisboard-f1b1e 200
[debug] [2026-07-22T06:11:41.998Z] <<< [apiv2][body] GET https://cloudresourcemanager.googleapis.com/v1/projects/tennisboard-f1b1e {"projectNumber":"633378922804","projectId":"tennisboard-f1b1e","lifecycleState":"ACTIVE","name":"TennisBoard","labels":{"firebase":"enabled","firebase-core":"disabled"},"createTime":"2026-07-20T03:43:58.604Z"}
[debug] [2026-07-22T06:11:41.998Z] Checked if tokens are valid: true, expires at: 1784703856943
[debug] [2026-07-22T06:11:41.998Z] Checked if tokens are valid: true, expires at: 1784703856943
[debug] [2026-07-22T06:11:41.998Z] >>> [apiv2][query] GET https://compute.googleapis.com/compute/v1/projects/633378922804 [none]
[debug] [2026-07-22T06:11:42.372Z] <<< [apiv2][status] GET https://compute.googleapis.com/compute/v1/projects/633378922804 403
[debug] [2026-07-22T06:11:42.372Z] <<< [apiv2][body] GET https://compute.googleapis.com/compute/v1/projects/633378922804 {"error":{"code":403,"message":"Compute Engine API has not been used in project 633378922804 before or it is disabled. Enable it by visiting https://console.developers.google.com/apis/api/compute.googleapis.com/overview?project=633378922804 then retry. If you enabled this API recently, wait a few minutes for the action to propagate to our systems and retry.","errors":[{"message":"Compute Engine API has not been used in project 633378922804 before or it is disabled. Enable it by visiting https://console.developers.google.com/apis/api/compute.googleapis.com/overview?project=633378922804 then retry. If you enabled this API recently, wait a few minutes for the action to propagate to our systems and retry.","domain":"usageLimits","reason":"accessNotConfigured","extendedHelp":"https://console.developers.google.com"}],"status":"PERMISSION_DENIED","details":[{"@type":"type.googleapis.com/google.rpc.ErrorInfo","reason":"SERVICE_DISABLED","domain":"googleapis.com","metadata":{"service":"compute.googleapis.com","containerInfo":"633378922804","consumer":"projects/633378922804","activationUrl":"https://console.developers.google.com/apis/api/compute.googleapis.com/overview?project=633378922804","serviceTitle":"Compute Engine API"}},{"@type":"type.googleapis.com/google.rpc.LocalizedMessage","locale":"en-US","message":"Compute Engine API has not been used in project 633378922804 before or it is disabled. Enable it by visiting https://console.developers.google.com/apis/api/compute.googleapis.com/overview?project=633378922804 then retry. If you enabled this API recently, wait a few minutes for the action to propagate to our systems and retry."},{"@type":"type.googleapis.com/google.rpc.Help","links":[{"description":"Google developers console API activation","url":"https://console.developers.google.com/apis/api/compute.googleapis.com/overview?project=633378922804"}]}]}}
[debug] [2026-07-22T06:11:42.372Z] unable to look up default compute service account. Falling back to 633378922804-compute@developer.gserviceaccount.com. Error: {"name":"FirebaseError","children":[],"context":{"body":{"error":{"code":403,"message":"Compute Engine API has not been used in project 633378922804 before or it is disabled. Enable it by visiting https://console.developers.google.com/apis/api/compute.googleapis.com/overview?project=633378922804 then retry. If you enabled this API recently, wait a few minutes for the action to propagate to our systems and retry.","errors":[{"message":"Compute Engine API has not been used in project 633378922804 before or it is disabled. Enable it by visiting https://console.developers.google.com/apis/api/compute.googleapis.com/overview?project=633378922804 then retry. If you enabled this API recently, wait a few minutes for the action to propagate to our systems and retry.","domain":"usageLimits","reason":"accessNotConfigured","extendedHelp":"https://console.developers.google.com"}],"status":"PERMISSION_DENIED","details":[{"@type":"type.googleapis.com/google.rpc.ErrorInfo","reason":"SERVICE_DISABLED","domain":"googleapis.com","metadata":{"service":"compute.googleapis.com","containerInfo":"633378922804","consumer":"projects/633378922804","activationUrl":"https://console.developers.google.com/apis/api/compute.googleapis.com/overview?project=633378922804","serviceTitle":"Compute Engine API"}},{"@type":"type.googleapis.com/google.rpc.LocalizedMessage","locale":"en-US","message":"Compute Engine API has not been used in project 633378922804 before or it is disabled. Enable it by visiting https://console.developers.google.com/apis/api/compute.googleapis.com/overview?project=633378922804 then retry. If you enabled this API recently, wait a few minutes for the action to propagate to our systems and retry."},{"@type":"type.googleapis.com/google.rpc.Help","links":[{"description":"Google developers console API activation","url":"https://console.developers.google.com/apis/api/compute.googleapis.com/overview?project=633378922804"}]}]}},"response":{"statusCode":403}},"exit":1,"message":"Request to https://compute.googleapis.com/compute/v1/projects/633378922804 had HTTP Error: 403, Compute Engine API has not been used in project 633378922804 before or it is disabled. Enable it by visiting https://console.developers.google.com/apis/api/compute.googleapis.com/overview?project=633378922804 then retry. If you enabled this API recently, wait a few minutes for the action to propagate to our systems and retry.","status":403}
[debug] [2026-07-22T06:11:42.373Z] Checked if tokens are valid: true, expires at: 1784703856943
[debug] [2026-07-22T06:11:42.373Z] Checked if tokens are valid: true, expires at: 1784703856943
[debug] [2026-07-22T06:11:42.373Z] >>> [apiv2][query] GET https://compute.googleapis.com/compute/v1/projects/633378922804 [none]
[debug] [2026-07-22T06:11:42.674Z] <<< [apiv2][status] GET https://compute.googleapis.com/compute/v1/projects/633378922804 403
[debug] [2026-07-22T06:11:42.674Z] <<< [apiv2][body] GET https://compute.googleapis.com/compute/v1/projects/633378922804 {"error":{"code":403,"message":"Compute Engine API has not been used in project 633378922804 before or it is disabled. Enable it by visiting https://console.developers.google.com/apis/api/compute.googleapis.com/overview?project=633378922804 then retry. If you enabled this API recently, wait a few minutes for the action to propagate to our systems and retry.","errors":[{"message":"Compute Engine API has not been used in project 633378922804 before or it is disabled. Enable it by visiting https://console.developers.google.com/apis/api/compute.googleapis.com/overview?project=633378922804 then retry. If you enabled this API recently, wait a few minutes for the action to propagate to our systems and retry.","domain":"usageLimits","reason":"accessNotConfigured","extendedHelp":"https://console.developers.google.com"}],"status":"PERMISSION_DENIED","details":[{"@type":"type.googleapis.com/google.rpc.ErrorInfo","reason":"SERVICE_DISABLED","domain":"googleapis.com","metadata":{"containerInfo":"633378922804","consumer":"projects/633378922804","activationUrl":"https://console.developers.google.com/apis/api/compute.googleapis.com/overview?project=633378922804","service":"compute.googleapis.com","serviceTitle":"Compute Engine API"}},{"@type":"type.googleapis.com/google.rpc.LocalizedMessage","locale":"en-US","message":"Compute Engine API has not been used in project 633378922804 before or it is disabled. Enable it by visiting https://console.developers.google.com/apis/api/compute.googleapis.com/overview?project=633378922804 then retry. If you enabled this API recently, wait a few minutes for the action to propagate to our systems and retry."},{"@type":"type.googleapis.com/google.rpc.Help","links":[{"description":"Google developers console API activation","url":"https://console.developers.google.com/apis/api/compute.googleapis.com/overview?project=633378922804"}]}]}}
[debug] [2026-07-22T06:11:42.674Z] unable to look up default compute service account. Falling back to 633378922804-compute@developer.gserviceaccount.com. Error: {"name":"FirebaseError","children":[],"context":{"body":{"error":{"code":403,"message":"Compute Engine API has not been used in project 633378922804 before or it is disabled. Enable it by visiting https://console.developers.google.com/apis/api/compute.googleapis.com/overview?project=633378922804 then retry. If you enabled this API recently, wait a few minutes for the action to propagate to our systems and retry.","errors":[{"message":"Compute Engine API has not been used in project 633378922804 before or it is disabled. Enable it by visiting https://console.developers.google.com/apis/api/compute.googleapis.com/overview?project=633378922804 then retry. If you enabled this API recently, wait a few minutes for the action to propagate to our systems and retry.","domain":"usageLimits","reason":"accessNotConfigured","extendedHelp":"https://console.developers.google.com"}],"status":"PERMISSION_DENIED","details":[{"@type":"type.googleapis.com/google.rpc.ErrorInfo","reason":"SERVICE_DISABLED","domain":"googleapis.com","metadata":{"containerInfo":"633378922804","consumer":"projects/633378922804","activationUrl":"https://console.developers.google.com/apis/api/compute.googleapis.com/overview?project=633378922804","service":"compute.googleapis.com","serviceTitle":"Compute Engine API"}},{"@type":"type.googleapis.com/google.rpc.LocalizedMessage","locale":"en-US","message":"Compute Engine API has not been used in project 633378922804 before or it is disabled. Enable it by visiting https://console.developers.google.com/apis/api/compute.googleapis.com/overview?project=633378922804 then retry. If you enabled this API recently, wait a few minutes for the action to propagate to our systems and retry."},{"@type":"type.googleapis.com/google.rpc.Help","links":[{"description":"Google developers console API activation","url":"https://console.developers.google.com/apis/api/compute.googleapis.com/overview?project=633378922804"}]}]}},"response":{"statusCode":403}},"exit":1,"message":"Request to https://compute.googleapis.com/compute/v1/projects/633378922804 had HTTP Error: 403, Compute Engine API has not been used in project 633378922804 before or it is disabled. Enable it by visiting https://console.developers.google.com/apis/api/compute.googleapis.com/overview?project=633378922804 then retry. If you enabled this API recently, wait a few minutes for the action to propagate to our systems and retry.","status":403}
[debug] [2026-07-22T06:11:42.675Z] Checked if tokens are valid: true, expires at: 1784703856943
[debug] [2026-07-22T06:11:42.676Z] Checked if tokens are valid: true, expires at: 1784703856943
[debug] [2026-07-22T06:11:42.676Z] >>> [apiv2][query] GET https://cloudbilling.googleapis.com/v1/projects/tennisboard-f1b1e/billingInfo [none]
[debug] [2026-07-22T06:11:42.676Z] >>> [apiv2][(partial)header] GET https://cloudbilling.googleapis.com/v1/projects/tennisboard-f1b1e/billingInfo  x-goog-user-project=tennisboard-f1b1e
[debug] [2026-07-22T06:11:44.057Z] <<< [apiv2][status] GET https://cloudbilling.googleapis.com/v1/projects/tennisboard-f1b1e/billingInfo 200
[debug] [2026-07-22T06:11:44.057Z] <<< [apiv2][body] GET https://cloudbilling.googleapis.com/v1/projects/tennisboard-f1b1e/billingInfo {"name":"projects/tennisboard-f1b1e/billingInfo","projectId":"tennisboard-f1b1e","billingAccountName":"billingAccounts/010B03-1BAB14-B0EEB2","billingEnabled":true}
[info] i  functions: Skipping the deploy of unchanged functions. 
[info] +  functions[dispatchBookingChanges(asia-southeast1)] Skipped (No changes detected) 
[info] +  functions[sendDailyReminders(asia-southeast1)] Skipped (No changes detected) 
[debug] [2026-07-22T06:11:44.062Z] Total Function Deployment time: 0
[debug] [2026-07-22T06:11:44.062Z] 0 Functions Deployed
[debug] [2026-07-22T06:11:44.062Z] 0 Functions Errored
[debug] [2026-07-22T06:11:44.062Z] 0 Function Deployments Aborted
[debug] [2026-07-22T06:11:44.062Z] Average Function Deployment time: NaN
[debug] [2026-07-22T06:11:44.257Z] Checked if tokens are valid: true, expires at: 1784703856943
[debug] [2026-07-22T06:11:44.257Z] Checked if tokens are valid: true, expires at: 1784703856943
[debug] [2026-07-22T06:11:44.257Z] >>> [apiv2][query] GET https://artifactregistry.googleapis.com/v1/projects/tennisboard-f1b1e/locations/asia-southeast1/repositories/gcf-artifacts [none]
[debug] [2026-07-22T06:11:44.475Z] <<< [apiv2][status] GET https://artifactregistry.googleapis.com/v1/projects/tennisboard-f1b1e/locations/asia-southeast1/repositories/gcf-artifacts 200
[debug] [2026-07-22T06:11:44.476Z] <<< [apiv2][body] GET https://artifactregistry.googleapis.com/v1/projects/tennisboard-f1b1e/locations/asia-southeast1/repositories/gcf-artifacts {"name":"projects/tennisboard-f1b1e/locations/asia-southeast1/repositories/gcf-artifacts","format":"DOCKER","description":"This repository is created and used by Cloud Functions for storing function docker images.","labels":{"goog-managed-by":"cloudfunctions"},"createTime":"2026-07-22T05:19:47.249394Z","updateTime":"2026-07-22T06:06:49.073296Z","mode":"STANDARD_REPOSITORY","cleanupPolicies":{"firebase-functions-cleanup":{"id":"firebase-functions-cleanup","action":"DELETE","condition":{"tagState":"ANY","olderThan":"604800s"}}},"sizeBytes":"150475030","satisfiesPzs":true,"vulnerabilityScanningConfig":{"lastEnableTime":"2026-07-22T05:19:31.338899997Z","enablementState":"SCANNING_DISABLED","enablementStateReason":"API containerscanning.googleapis.com is not enabled."},"satisfiesPzi":true,"registryUri":"asia-southeast1-docker.pkg.dev/tennisboard-f1b1e/gcf-artifacts"}
[info] 
[info] +  Deploy complete! 
[info] 
[info] Project Console: https://console.firebase.google.com/project/tennisboard-f1b1e/overview
[debug] [2026-07-22T06:23:08.913Z] ----------------------------------------------------------------------
[debug] [2026-07-22T06:23:08.915Z] Command:       C:\Program Files\nodejs\node.exe C:\Users\gtavf\AppData\Roaming\npm\node_modules\firebase-tools\lib\bin\firebase.js deploy --project tennisboard-f1b1e --only functions
[debug] [2026-07-22T06:23:08.916Z] CLI Version:   15.24.0
[debug] [2026-07-22T06:23:08.916Z] Platform:      win32
[debug] [2026-07-22T06:23:08.916Z] Node Version:  v24.15.0
[debug] [2026-07-22T06:23:08.916Z] Detected Agent: codex_cli
[debug] [2026-07-22T06:23:08.916Z] Time:          Wed Jul 22 2026 13:23:08 GMT+0700 (Indochina Time)
[debug] [2026-07-22T06:23:08.916Z] ----------------------------------------------------------------------
[debug] 
[debug] [2026-07-22T06:23:10.845Z] > command requires scopes: ["email","openid","https://www.googleapis.com/auth/cloudplatformprojects.readonly","https://www.googleapis.com/auth/firebase","https://www.googleapis.com/auth/cloud-platform"]
[debug] [2026-07-22T06:23:10.845Z] > authorizing via signed-in user (gtavfnaf@gmail.com)
[debug] [2026-07-22T06:23:10.845Z] [iam] checking project tennisboard-f1b1e for permissions ["cloudfunctions.functions.create","cloudfunctions.functions.delete","cloudfunctions.functions.get","cloudfunctions.functions.list","cloudfunctions.functions.update","cloudfunctions.operations.get","firebase.projects.get"]
[debug] [2026-07-22T06:23:10.854Z] Checked if tokens are valid: true, expires at: 1784703856943
[debug] [2026-07-22T06:23:10.854Z] Checked if tokens are valid: true, expires at: 1784703856943
[debug] [2026-07-22T06:23:10.855Z] >>> [apiv2][query] POST https://cloudresourcemanager.googleapis.com/v1/projects/tennisboard-f1b1e:testIamPermissions [none]
[debug] [2026-07-22T06:23:10.855Z] >>> [apiv2][(partial)header] POST https://cloudresourcemanager.googleapis.com/v1/projects/tennisboard-f1b1e:testIamPermissions  x-goog-user-project=tennisboard-f1b1e
[debug] [2026-07-22T06:23:10.855Z] >>> [apiv2][body] POST https://cloudresourcemanager.googleapis.com/v1/projects/tennisboard-f1b1e:testIamPermissions {"permissions":["cloudfunctions.functions.create","cloudfunctions.functions.delete","cloudfunctions.functions.get","cloudfunctions.functions.list","cloudfunctions.functions.update","cloudfunctions.operations.get","firebase.projects.get"]}
[debug] [2026-07-22T06:23:11.223Z] <<< [apiv2][status] POST https://cloudresourcemanager.googleapis.com/v1/projects/tennisboard-f1b1e:testIamPermissions 200
[debug] [2026-07-22T06:23:11.223Z] <<< [apiv2][body] POST https://cloudresourcemanager.googleapis.com/v1/projects/tennisboard-f1b1e:testIamPermissions {"permissions":["cloudfunctions.functions.create","cloudfunctions.functions.delete","cloudfunctions.functions.get","cloudfunctions.functions.list","cloudfunctions.functions.update","cloudfunctions.operations.get","firebase.projects.get"]}
[debug] [2026-07-22T06:23:11.223Z] Checked if tokens are valid: true, expires at: 1784703856943
[debug] [2026-07-22T06:23:11.223Z] Checked if tokens are valid: true, expires at: 1784703856943
[debug] [2026-07-22T06:23:11.224Z] >>> [apiv2][query] POST https://iam.googleapis.com/v1/projects/tennisboard-f1b1e/serviceAccounts/tennisboard-f1b1e@appspot.gserviceaccount.com:testIamPermissions [none]
[debug] [2026-07-22T06:23:11.224Z] >>> [apiv2][body] POST https://iam.googleapis.com/v1/projects/tennisboard-f1b1e/serviceAccounts/tennisboard-f1b1e@appspot.gserviceaccount.com:testIamPermissions {"permissions":["iam.serviceAccounts.actAs"]}
[debug] [2026-07-22T06:23:12.685Z] <<< [apiv2][status] POST https://iam.googleapis.com/v1/projects/tennisboard-f1b1e/serviceAccounts/tennisboard-f1b1e@appspot.gserviceaccount.com:testIamPermissions 200
[debug] [2026-07-22T06:23:12.686Z] <<< [apiv2][body] POST https://iam.googleapis.com/v1/projects/tennisboard-f1b1e/serviceAccounts/tennisboard-f1b1e@appspot.gserviceaccount.com:testIamPermissions {"permissions":["iam.serviceAccounts.actAs"]}
[info] 
[info] === Deploying to 'tennisboard-f1b1e'...
[info] 
[info] i  deploying functions 
[debug] [2026-07-22T06:23:12.688Z] Checked if tokens are valid: true, expires at: 1784703856943
[debug] [2026-07-22T06:23:12.688Z] Checked if tokens are valid: true, expires at: 1784703856943
[debug] [2026-07-22T06:23:12.688Z] >>> [apiv2][query] GET https://cloudresourcemanager.googleapis.com/v1/projects/tennisboard-f1b1e [none]
[debug] [2026-07-22T06:23:12.996Z] <<< [apiv2][status] GET https://cloudresourcemanager.googleapis.com/v1/projects/tennisboard-f1b1e 200
[debug] [2026-07-22T06:23:12.996Z] <<< [apiv2][body] GET https://cloudresourcemanager.googleapis.com/v1/projects/tennisboard-f1b1e {"projectNumber":"633378922804","projectId":"tennisboard-f1b1e","lifecycleState":"ACTIVE","name":"TennisBoard","labels":{"firebase":"enabled","firebase-core":"disabled"},"createTime":"2026-07-20T03:43:58.604Z"}
[info] i  functions: preparing codebase default for deployment 
[info] i  functions: ensuring required API cloudfunctions.googleapis.com is enabled... 
[info] i  functions: ensuring required API cloudbuild.googleapis.com is enabled... 
[info] i  artifactregistry: ensuring required API artifactregistry.googleapis.com is enabled... 
[debug] [2026-07-22T06:23:13.002Z] Checked if tokens are valid: true, expires at: 1784703856943
[debug] [2026-07-22T06:23:13.002Z] Checked if tokens are valid: true, expires at: 1784703856943
[debug] [2026-07-22T06:23:13.002Z] >>> [apiv2][query] GET https://firebase.googleapis.com/v1beta1/projects/tennisboard-f1b1e/adminSdkConfig [none]
[debug] [2026-07-22T06:23:13.711Z] <<< [apiv2][status] GET https://firebase.googleapis.com/v1beta1/projects/tennisboard-f1b1e/adminSdkConfig 200
[debug] [2026-07-22T06:23:13.711Z] <<< [apiv2][body] GET https://firebase.googleapis.com/v1beta1/projects/tennisboard-f1b1e/adminSdkConfig {"projectId":"tennisboard-f1b1e","storageBucket":"tennisboard-f1b1e.firebasestorage.app"}
[debug] [2026-07-22T06:23:13.712Z] Checked if tokens are valid: true, expires at: 1784703856943
[debug] [2026-07-22T06:23:13.712Z] Checked if tokens are valid: true, expires at: 1784703856943
[debug] [2026-07-22T06:23:13.712Z] >>> [apiv2][query] GET https://runtimeconfig.googleapis.com/v1beta1/projects/tennisboard-f1b1e/configs [none]
[debug] [2026-07-22T06:23:14.109Z] <<< [apiv2][status] GET https://runtimeconfig.googleapis.com/v1beta1/projects/tennisboard-f1b1e/configs 200
[debug] [2026-07-22T06:23:14.109Z] <<< [apiv2][body] GET https://runtimeconfig.googleapis.com/v1beta1/projects/tennisboard-f1b1e/configs {}
[debug] [2026-07-22T06:23:14.111Z] Validating nodejs source
[warn] !  functions: package.json indicates an outdated version of firebase-functions. Please upgrade using npm install --save firebase-functions@latest in your functions directory. 
[warn] !  functions: Please note that there will be breaking changes when you upgrade. 
[debug] [2026-07-22T06:23:15.411Z] > [functions] package.json contents: {
  "name": "tennis-board-functions",
  "private": true,
  "main": "lib/index.js",
  "engines": {
    "node": "22"
  },
  "scripts": {
    "build": "tsc",
    "test": "vitest run src"
  },
  "dependencies": {
    "firebase-admin": "^13.4.0",
    "firebase-functions": "^6.4.0"
  },
  "devDependencies": {
    "typescript": "^5.9.0",
    "vitest": "^4.0.0"
  }
}
[debug] [2026-07-22T06:23:15.411Z] Building nodejs source
[info] i  functions: Loading and analyzing source code for codebase default to determine what to deploy 
[debug] [2026-07-22T06:23:15.412Z] Could not find functions.yaml. Must use http discovery
[debug] [2026-07-22T06:23:15.422Z] Found firebase-functions binary at 'D:\Projects\tennisBoard\tennis-board\functions\node_modules\.bin\firebase-functions'
[info] Serving at port 8849

[debug] [2026-07-22T06:23:15.997Z] Got response from /__/functions.yaml {"endpoints":{"dispatchBookingChanges":{"availableMemoryMb":null,"timeoutSeconds":null,"minInstances":null,"maxInstances":null,"ingressSettings":null,"concurrency":null,"serviceAccountEmail":null,"vpc":null,"platform":"gcfv2","region":["asia-southeast1"],"labels":{},"scheduleTrigger":{"schedule":"every 1 minutes","retryConfig":{},"timeZone":"Asia/Bangkok"},"entryPoint":"dispatchBookingChanges"},"sendDailyReminders":{"availableMemoryMb":null,"timeoutSeconds":null,"minInstances":null,"maxInstances":null,"ingressSettings":null,"concurrency":null,"serviceAccountEmail":null,"vpc":null,"platform":"gcfv2","region":["asia-southeast1"],"labels":{},"scheduleTrigger":{"schedule":"0 15 * * *","retryConfig":{},"timeZone":"Asia/Bangkok"},"entryPoint":"sendDailyReminders"}},"specVersion":"v1alpha1","requiredAPIs":[{"api":"cloudscheduler.googleapis.com","reason":"Needed for scheduled functions."}],"extensions":{}}
[debug] [2026-07-22T06:23:19.033Z] Checked if tokens are valid: true, expires at: 1784703856943
[debug] [2026-07-22T06:23:19.033Z] Checked if tokens are valid: true, expires at: 1784703856943
[debug] [2026-07-22T06:23:19.034Z] >>> [apiv2][query] GET https://cloudfunctions.googleapis.com/v1/projects/tennisboard-f1b1e/locations/-/functions [none]
[debug] [2026-07-22T06:23:19.839Z] <<< [apiv2][status] GET https://cloudfunctions.googleapis.com/v1/projects/tennisboard-f1b1e/locations/-/functions 200
[debug] [2026-07-22T06:23:19.839Z] <<< [apiv2][body] GET https://cloudfunctions.googleapis.com/v1/projects/tennisboard-f1b1e/locations/-/functions {}
[debug] [2026-07-22T06:23:19.839Z] Checked if tokens are valid: true, expires at: 1784703856943
[debug] [2026-07-22T06:23:19.839Z] Checked if tokens are valid: true, expires at: 1784703856943
[debug] [2026-07-22T06:23:19.840Z] >>> [apiv2][query] GET https://cloudfunctions.googleapis.com/v2/projects/tennisboard-f1b1e/locations/-/functions filter=environment%3D%22GEN_2%22
[debug] [2026-07-22T06:23:21.475Z] <<< [apiv2][status] GET https://cloudfunctions.googleapis.com/v2/projects/tennisboard-f1b1e/locations/-/functions 200
[debug] [2026-07-22T06:23:21.476Z] <<< [apiv2][body] GET https://cloudfunctions.googleapis.com/v2/projects/tennisboard-f1b1e/locations/-/functions {"functions":[{"name":"projects/tennisboard-f1b1e/locations/asia-southeast1/functions/dispatchBookingChanges","buildConfig":{"build":"projects/633378922804/locations/asia-southeast1/builds/47aa0f0a-b0ff-41ce-bc55-807810d761d7","runtime":"nodejs22","entryPoint":"dispatchBookingChanges","source":{"storageSource":{"bucket":"gcf-v2-sources-633378922804-asia-southeast1","object":"dispatchBookingChanges/function-source.zip","generation":"1784700384639235"}},"environmentVariables":{"GOOGLE_NODE_RUN_SCRIPTS":""},"dockerRepository":"projects/tennisboard-f1b1e/locations/asia-southeast1/repositories/gcf-artifacts","sourceProvenance":{"resolvedStorageSource":{"bucket":"gcf-v2-sources-633378922804-asia-southeast1","object":"dispatchBookingChanges/function-source.zip","generation":"1784700384639235"}},"dockerRegistry":"ARTIFACT_REGISTRY","serviceAccount":"projects/tennisboard-f1b1e/serviceAccounts/633378922804-compute@developer.gserviceaccount.com","automaticUpdatePolicy":{}},"serviceConfig":{"service":"projects/tennisboard-f1b1e/locations/asia-southeast1/services/dispatchbookingchanges","timeoutSeconds":60,"environmentVariables":{"FIREBASE_CONFIG":"{\"projectId\":\"tennisboard-f1b1e\",\"storageBucket\":\"tennisboard-f1b1e.firebasestorage.app\"}","GCLOUD_PROJECT":"tennisboard-f1b1e","EVENTARC_CLOUD_EVENT_SOURCE":"projects/tennisboard-f1b1e/locations/asia-southeast1/services/dispatchBookingChanges","FUNCTION_TARGET":"dispatchBookingChanges","LOG_EXECUTION_ID":"true"},"maxInstanceCount":20,"ingressSettings":"ALLOW_ALL","uri":"https://dispatchbookingchanges-qyvxe23dya-as.a.run.app","serviceAccountEmail":"633378922804-compute@developer.gserviceaccount.com","availableMemory":"256Mi","allTrafficOnLatestRevision":true,"revision":"dispatchbookingchanges-00003-rux","maxInstanceRequestConcurrency":80,"availableCpu":"1"},"state":"ACTIVE","updateTime":"2026-07-22T06:07:07.990214367Z","labels":{"firebase-functions-hash":"33ba8d646593a615814eb6bb28db52908dffd55a","deployment-tool":"cli-firebase","deployment-scheduled":"true"},"environment":"GEN_2","url":"https://asia-southeast1-tennisboard-f1b1e.cloudfunctions.net/dispatchBookingChanges","satisfiesPzs":true,"createTime":"2026-07-22T05:22:50.242085862Z","satisfiesPzi":true},{"name":"projects/tennisboard-f1b1e/locations/asia-southeast1/functions/sendDailyReminders","buildConfig":{"build":"projects/633378922804/locations/asia-southeast1/builds/47aa0f0a-b0ff-41ce-bc55-807810d761d7","runtime":"nodejs22","entryPoint":"sendDailyReminders","source":{"storageSource":{"bucket":"gcf-v2-sources-633378922804-asia-southeast1","object":"sendDailyReminders/function-source.zip","generation":"1784700422931191"}},"environmentVariables":{"GOOGLE_NODE_RUN_SCRIPTS":""},"dockerRepository":"projects/tennisboard-f1b1e/locations/asia-southeast1/repositories/gcf-artifacts","sourceProvenance":{"resolvedStorageSource":{"bucket":"gcf-v2-sources-633378922804-asia-southeast1","object":"sendDailyReminders/function-source.zip","generation":"1784700422931191"}},"dockerRegistry":"ARTIFACT_REGISTRY","serviceAccount":"projects/tennisboard-f1b1e/serviceAccounts/633378922804-compute@developer.gserviceaccount.com","automaticUpdatePolicy":{}},"serviceConfig":{"service":"projects/tennisboard-f1b1e/locations/asia-southeast1/services/senddailyreminders","timeoutSeconds":60,"environmentVariables":{"FIREBASE_CONFIG":"{\"projectId\":\"tennisboard-f1b1e\",\"storageBucket\":\"tennisboard-f1b1e.firebasestorage.app\"}","GCLOUD_PROJECT":"tennisboard-f1b1e","EVENTARC_CLOUD_EVENT_SOURCE":"projects/tennisboard-f1b1e/locations/asia-southeast1/services/sendDailyReminders","FUNCTION_TARGET":"sendDailyReminders","LOG_EXECUTION_ID":"true","FUNCTION_SIGNATURE_TYPE":"http"},"maxInstanceCount":20,"ingressSettings":"ALLOW_ALL","uri":"https://senddailyreminders-qyvxe23dya-as.a.run.app","serviceAccountEmail":"633378922804-compute@developer.gserviceaccount.com","availableMemory":"256Mi","allTrafficOnLatestRevision":true,"revision":"senddailyreminders-00004-yes","maxInstanceRequestConcurrency":80,"availableCpu":"1"},"state":"ACTIVE","updateTime":"2026-07-22T06:07:12.788295524Z","labels":{"deployment-tool":"cli-firebase","deployment-scheduled":"true","firebase-functions-hash":"33ba8d646593a615814eb6bb28db52908dffd55a"},"environment":"GEN_2","url":"https://asia-southeast1-tennisboard-f1b1e.cloudfunctions.net/sendDailyReminders","satisfiesPzs":true,"createTime":"2026-07-22T05:19:31.164902070Z","satisfiesPzi":true}]}
[info] i  extensions: ensuring required API firebaseextensions.googleapis.com is enabled... 
[debug] [2026-07-22T06:23:21.477Z] > command requires scopes: ["email","openid","https://www.googleapis.com/auth/cloudplatformprojects.readonly","https://www.googleapis.com/auth/firebase","https://www.googleapis.com/auth/cloud-platform"]
[debug] [2026-07-22T06:23:21.477Z] > authorizing via signed-in user (gtavfnaf@gmail.com)
[debug] [2026-07-22T06:23:21.477Z] [iam] checking project tennisboard-f1b1e for permissions ["firebase.projects.get","firebaseextensions.instances.list"]
[debug] [2026-07-22T06:23:21.478Z] Checked if tokens are valid: true, expires at: 1784703856943
[debug] [2026-07-22T06:23:21.478Z] Checked if tokens are valid: true, expires at: 1784703856943
[debug] [2026-07-22T06:23:21.478Z] >>> [apiv2][query] POST https://cloudresourcemanager.googleapis.com/v1/projects/tennisboard-f1b1e:testIamPermissions [none]
[debug] [2026-07-22T06:23:21.478Z] >>> [apiv2][(partial)header] POST https://cloudresourcemanager.googleapis.com/v1/projects/tennisboard-f1b1e:testIamPermissions  x-goog-user-project=tennisboard-f1b1e
[debug] [2026-07-22T06:23:21.478Z] >>> [apiv2][body] POST https://cloudresourcemanager.googleapis.com/v1/projects/tennisboard-f1b1e:testIamPermissions {"permissions":["firebase.projects.get","firebaseextensions.instances.list"]}
[debug] [2026-07-22T06:23:22.662Z] <<< [apiv2][status] POST https://cloudresourcemanager.googleapis.com/v1/projects/tennisboard-f1b1e:testIamPermissions 200
[debug] [2026-07-22T06:23:22.662Z] <<< [apiv2][body] POST https://cloudresourcemanager.googleapis.com/v1/projects/tennisboard-f1b1e:testIamPermissions {"permissions":["firebase.projects.get","firebaseextensions.instances.list"]}
[debug] [2026-07-22T06:23:22.662Z] Checked if tokens are valid: true, expires at: 1784703856943
[debug] [2026-07-22T06:23:22.662Z] Checked if tokens are valid: true, expires at: 1784703856943
[debug] [2026-07-22T06:23:22.662Z] >>> [apiv2][query] GET https://firebaseextensions.googleapis.com/v1beta/projects/tennisboard-f1b1e/instances pageSize=100&pageToken=
[debug] [2026-07-22T06:23:24.065Z] <<< [apiv2][status] GET https://firebaseextensions.googleapis.com/v1beta/projects/tennisboard-f1b1e/instances 200
[debug] [2026-07-22T06:23:24.065Z] <<< [apiv2][body] GET https://firebaseextensions.googleapis.com/v1beta/projects/tennisboard-f1b1e/instances {}
[info] i  functions: preparing functions directory for uploading... 
[info] i  functions: packaged D:\Projects\tennisBoard\tennis-board\functions (49.17 KB) for uploading 
[info] i  functions: ensuring required API cloudscheduler.googleapis.com is enabled... 
[info] i  functions: ensuring required API run.googleapis.com is enabled... 
[info] i  functions: ensuring required API eventarc.googleapis.com is enabled... 
[info] i  functions: ensuring required API pubsub.googleapis.com is enabled... 
[info] i  functions: ensuring required API storage.googleapis.com is enabled... 
[info] i  functions: generating the service identity for pubsub.googleapis.com... 
[debug] [2026-07-22T06:23:24.096Z] Checked if tokens are valid: true, expires at: 1784703856943
[debug] [2026-07-22T06:23:24.096Z] Checked if tokens are valid: true, expires at: 1784703856943
[info] i  functions: generating the service identity for eventarc.googleapis.com... 
[debug] [2026-07-22T06:23:24.096Z] Checked if tokens are valid: true, expires at: 1784703856943
[debug] [2026-07-22T06:23:24.096Z] Checked if tokens are valid: true, expires at: 1784703856943
[debug] [2026-07-22T06:23:24.096Z] >>> [apiv2][query] POST https://serviceusage.googleapis.com/v1beta1/projects/633378922804/services/pubsub.googleapis.com:generateServiceIdentity [none]
[debug] [2026-07-22T06:23:24.096Z] >>> [apiv2][(partial)header] POST https://serviceusage.googleapis.com/v1beta1/projects/633378922804/services/pubsub.googleapis.com:generateServiceIdentity  x-goog-user-project=633378922804
[debug] [2026-07-22T06:23:24.096Z] >>> [apiv2][body] POST https://serviceusage.googleapis.com/v1beta1/projects/633378922804/services/pubsub.googleapis.com:generateServiceIdentity {}
[debug] [2026-07-22T06:23:24.097Z] >>> [apiv2][query] POST https://serviceusage.googleapis.com/v1beta1/projects/633378922804/services/eventarc.googleapis.com:generateServiceIdentity [none]
[debug] [2026-07-22T06:23:24.097Z] >>> [apiv2][(partial)header] POST https://serviceusage.googleapis.com/v1beta1/projects/633378922804/services/eventarc.googleapis.com:generateServiceIdentity  x-goog-user-project=633378922804
[debug] [2026-07-22T06:23:24.097Z] >>> [apiv2][body] POST https://serviceusage.googleapis.com/v1beta1/projects/633378922804/services/eventarc.googleapis.com:generateServiceIdentity {}
[debug] [2026-07-22T06:23:24.577Z] <<< [apiv2][status] POST https://serviceusage.googleapis.com/v1beta1/projects/633378922804/services/eventarc.googleapis.com:generateServiceIdentity 200
[debug] [2026-07-22T06:23:24.577Z] <<< [apiv2][body] POST https://serviceusage.googleapis.com/v1beta1/projects/633378922804/services/eventarc.googleapis.com:generateServiceIdentity {"name":"operations/finished.DONE_OPERATION","done":true,"response":{"@type":"type.googleapis.com/google.api.serviceusage.v1beta1.ServiceIdentity","email":"service-633378922804@gcp-sa-eventarc.iam.gserviceaccount.com","uniqueId":"114456664352648930879"}}
[debug] [2026-07-22T06:23:25.769Z] <<< [apiv2][status] POST https://serviceusage.googleapis.com/v1beta1/projects/633378922804/services/pubsub.googleapis.com:generateServiceIdentity 200
[debug] [2026-07-22T06:23:25.770Z] <<< [apiv2][body] POST https://serviceusage.googleapis.com/v1beta1/projects/633378922804/services/pubsub.googleapis.com:generateServiceIdentity {"name":"operations/finished.DONE_OPERATION","done":true,"response":{"@type":"type.googleapis.com/google.api.serviceusage.v1beta1.ServiceIdentity","email":"service-633378922804@gcp-sa-pubsub.iam.gserviceaccount.com","uniqueId":"115366383880735119152"}}
[debug] [2026-07-22T06:23:25.772Z] Checked if tokens are valid: true, expires at: 1784703856943
[debug] [2026-07-22T06:23:25.772Z] Checked if tokens are valid: true, expires at: 1784703856943
[debug] [2026-07-22T06:23:25.772Z] >>> [apiv2][query] GET https://cloudresourcemanager.googleapis.com/v1/projects/tennisboard-f1b1e [none]
[debug] [2026-07-22T06:23:26.037Z] <<< [apiv2][status] GET https://cloudresourcemanager.googleapis.com/v1/projects/tennisboard-f1b1e 200
[debug] [2026-07-22T06:23:26.037Z] <<< [apiv2][body] GET https://cloudresourcemanager.googleapis.com/v1/projects/tennisboard-f1b1e {"projectNumber":"633378922804","projectId":"tennisboard-f1b1e","lifecycleState":"ACTIVE","name":"TennisBoard","labels":{"firebase":"enabled","firebase-core":"disabled"},"createTime":"2026-07-20T03:43:58.604Z"}
[debug] [2026-07-22T06:23:26.037Z] Checked if tokens are valid: true, expires at: 1784703856943
[debug] [2026-07-22T06:23:26.037Z] Checked if tokens are valid: true, expires at: 1784703856943
[debug] [2026-07-22T06:23:26.037Z] >>> [apiv2][query] GET https://compute.googleapis.com/compute/v1/projects/633378922804 [none]
[debug] [2026-07-22T06:23:26.493Z] <<< [apiv2][status] GET https://compute.googleapis.com/compute/v1/projects/633378922804 403
[debug] [2026-07-22T06:23:26.493Z] <<< [apiv2][body] GET https://compute.googleapis.com/compute/v1/projects/633378922804 {"error":{"code":403,"message":"Compute Engine API has not been used in project 633378922804 before or it is disabled. Enable it by visiting https://console.developers.google.com/apis/api/compute.googleapis.com/overview?project=633378922804 then retry. If you enabled this API recently, wait a few minutes for the action to propagate to our systems and retry.","errors":[{"message":"Compute Engine API has not been used in project 633378922804 before or it is disabled. Enable it by visiting https://console.developers.google.com/apis/api/compute.googleapis.com/overview?project=633378922804 then retry. If you enabled this API recently, wait a few minutes for the action to propagate to our systems and retry.","domain":"usageLimits","reason":"accessNotConfigured","extendedHelp":"https://console.developers.google.com"}],"status":"PERMISSION_DENIED","details":[{"@type":"type.googleapis.com/google.rpc.ErrorInfo","reason":"SERVICE_DISABLED","domain":"googleapis.com","metadata":{"containerInfo":"633378922804","activationUrl":"https://console.developers.google.com/apis/api/compute.googleapis.com/overview?project=633378922804","service":"compute.googleapis.com","serviceTitle":"Compute Engine API","consumer":"projects/633378922804"}},{"@type":"type.googleapis.com/google.rpc.LocalizedMessage","locale":"en-US","message":"Compute Engine API has not been used in project 633378922804 before or it is disabled. Enable it by visiting https://console.developers.google.com/apis/api/compute.googleapis.com/overview?project=633378922804 then retry. If you enabled this API recently, wait a few minutes for the action to propagate to our systems and retry."},{"@type":"type.googleapis.com/google.rpc.Help","links":[{"description":"Google developers console API activation","url":"https://console.developers.google.com/apis/api/compute.googleapis.com/overview?project=633378922804"}]}]}}
[debug] [2026-07-22T06:23:26.494Z] unable to look up default compute service account. Falling back to 633378922804-compute@developer.gserviceaccount.com. Error: {"name":"FirebaseError","children":[],"context":{"body":{"error":{"code":403,"message":"Compute Engine API has not been used in project 633378922804 before or it is disabled. Enable it by visiting https://console.developers.google.com/apis/api/compute.googleapis.com/overview?project=633378922804 then retry. If you enabled this API recently, wait a few minutes for the action to propagate to our systems and retry.","errors":[{"message":"Compute Engine API has not been used in project 633378922804 before or it is disabled. Enable it by visiting https://console.developers.google.com/apis/api/compute.googleapis.com/overview?project=633378922804 then retry. If you enabled this API recently, wait a few minutes for the action to propagate to our systems and retry.","domain":"usageLimits","reason":"accessNotConfigured","extendedHelp":"https://console.developers.google.com"}],"status":"PERMISSION_DENIED","details":[{"@type":"type.googleapis.com/google.rpc.ErrorInfo","reason":"SERVICE_DISABLED","domain":"googleapis.com","metadata":{"containerInfo":"633378922804","activationUrl":"https://console.developers.google.com/apis/api/compute.googleapis.com/overview?project=633378922804","service":"compute.googleapis.com","serviceTitle":"Compute Engine API","consumer":"projects/633378922804"}},{"@type":"type.googleapis.com/google.rpc.LocalizedMessage","locale":"en-US","message":"Compute Engine API has not been used in project 633378922804 before or it is disabled. Enable it by visiting https://console.developers.google.com/apis/api/compute.googleapis.com/overview?project=633378922804 then retry. If you enabled this API recently, wait a few minutes for the action to propagate to our systems and retry."},{"@type":"type.googleapis.com/google.rpc.Help","links":[{"description":"Google developers console API activation","url":"https://console.developers.google.com/apis/api/compute.googleapis.com/overview?project=633378922804"}]}]}},"response":{"statusCode":403}},"exit":1,"message":"Request to https://compute.googleapis.com/compute/v1/projects/633378922804 had HTTP Error: 403, Compute Engine API has not been used in project 633378922804 before or it is disabled. Enable it by visiting https://console.developers.google.com/apis/api/compute.googleapis.com/overview?project=633378922804 then retry. If you enabled this API recently, wait a few minutes for the action to propagate to our systems and retry.","status":403}
[debug] [2026-07-22T06:23:26.494Z] Checked if tokens are valid: true, expires at: 1784703856943
[debug] [2026-07-22T06:23:26.494Z] Checked if tokens are valid: true, expires at: 1784703856943
[debug] [2026-07-22T06:23:26.494Z] >>> [apiv2][query] GET https://compute.googleapis.com/compute/v1/projects/633378922804 [none]
[debug] [2026-07-22T06:23:26.774Z] <<< [apiv2][status] GET https://compute.googleapis.com/compute/v1/projects/633378922804 403
[debug] [2026-07-22T06:23:26.774Z] <<< [apiv2][body] GET https://compute.googleapis.com/compute/v1/projects/633378922804 {"error":{"code":403,"message":"Compute Engine API has not been used in project 633378922804 before or it is disabled. Enable it by visiting https://console.developers.google.com/apis/api/compute.googleapis.com/overview?project=633378922804 then retry. If you enabled this API recently, wait a few minutes for the action to propagate to our systems and retry.","errors":[{"message":"Compute Engine API has not been used in project 633378922804 before or it is disabled. Enable it by visiting https://console.developers.google.com/apis/api/compute.googleapis.com/overview?project=633378922804 then retry. If you enabled this API recently, wait a few minutes for the action to propagate to our systems and retry.","domain":"usageLimits","reason":"accessNotConfigured","extendedHelp":"https://console.developers.google.com"}],"status":"PERMISSION_DENIED","details":[{"@type":"type.googleapis.com/google.rpc.ErrorInfo","reason":"SERVICE_DISABLED","domain":"googleapis.com","metadata":{"containerInfo":"633378922804","consumer":"projects/633378922804","activationUrl":"https://console.developers.google.com/apis/api/compute.googleapis.com/overview?project=633378922804","service":"compute.googleapis.com","serviceTitle":"Compute Engine API"}},{"@type":"type.googleapis.com/google.rpc.LocalizedMessage","locale":"en-US","message":"Compute Engine API has not been used in project 633378922804 before or it is disabled. Enable it by visiting https://console.developers.google.com/apis/api/compute.googleapis.com/overview?project=633378922804 then retry. If you enabled this API recently, wait a few minutes for the action to propagate to our systems and retry."},{"@type":"type.googleapis.com/google.rpc.Help","links":[{"description":"Google developers console API activation","url":"https://console.developers.google.com/apis/api/compute.googleapis.com/overview?project=633378922804"}]}]}}
[debug] [2026-07-22T06:23:26.774Z] unable to look up default compute service account. Falling back to 633378922804-compute@developer.gserviceaccount.com. Error: {"name":"FirebaseError","children":[],"context":{"body":{"error":{"code":403,"message":"Compute Engine API has not been used in project 633378922804 before or it is disabled. Enable it by visiting https://console.developers.google.com/apis/api/compute.googleapis.com/overview?project=633378922804 then retry. If you enabled this API recently, wait a few minutes for the action to propagate to our systems and retry.","errors":[{"message":"Compute Engine API has not been used in project 633378922804 before or it is disabled. Enable it by visiting https://console.developers.google.com/apis/api/compute.googleapis.com/overview?project=633378922804 then retry. If you enabled this API recently, wait a few minutes for the action to propagate to our systems and retry.","domain":"usageLimits","reason":"accessNotConfigured","extendedHelp":"https://console.developers.google.com"}],"status":"PERMISSION_DENIED","details":[{"@type":"type.googleapis.com/google.rpc.ErrorInfo","reason":"SERVICE_DISABLED","domain":"googleapis.com","metadata":{"containerInfo":"633378922804","consumer":"projects/633378922804","activationUrl":"https://console.developers.google.com/apis/api/compute.googleapis.com/overview?project=633378922804","service":"compute.googleapis.com","serviceTitle":"Compute Engine API"}},{"@type":"type.googleapis.com/google.rpc.LocalizedMessage","locale":"en-US","message":"Compute Engine API has not been used in project 633378922804 before or it is disabled. Enable it by visiting https://console.developers.google.com/apis/api/compute.googleapis.com/overview?project=633378922804 then retry. If you enabled this API recently, wait a few minutes for the action to propagate to our systems and retry."},{"@type":"type.googleapis.com/google.rpc.Help","links":[{"description":"Google developers console API activation","url":"https://console.developers.google.com/apis/api/compute.googleapis.com/overview?project=633378922804"}]}]}},"response":{"statusCode":403}},"exit":1,"message":"Request to https://compute.googleapis.com/compute/v1/projects/633378922804 had HTTP Error: 403, Compute Engine API has not been used in project 633378922804 before or it is disabled. Enable it by visiting https://console.developers.google.com/apis/api/compute.googleapis.com/overview?project=633378922804 then retry. If you enabled this API recently, wait a few minutes for the action to propagate to our systems and retry.","status":403}
[debug] [2026-07-22T06:23:26.775Z] Checked if tokens are valid: true, expires at: 1784703856943
[debug] [2026-07-22T06:23:26.776Z] Checked if tokens are valid: true, expires at: 1784703856943
[debug] [2026-07-22T06:23:26.776Z] >>> [apiv2][query] GET https://cloudbilling.googleapis.com/v1/projects/tennisboard-f1b1e/billingInfo [none]
[debug] [2026-07-22T06:23:26.776Z] >>> [apiv2][(partial)header] GET https://cloudbilling.googleapis.com/v1/projects/tennisboard-f1b1e/billingInfo  x-goog-user-project=tennisboard-f1b1e
[debug] [2026-07-22T06:23:27.168Z] <<< [apiv2][status] GET https://cloudbilling.googleapis.com/v1/projects/tennisboard-f1b1e/billingInfo 200
[debug] [2026-07-22T06:23:27.168Z] <<< [apiv2][body] GET https://cloudbilling.googleapis.com/v1/projects/tennisboard-f1b1e/billingInfo {"name":"projects/tennisboard-f1b1e/billingInfo","projectId":"tennisboard-f1b1e","billingAccountName":"billingAccounts/010B03-1BAB14-B0EEB2","billingEnabled":true}
[debug] [2026-07-22T06:23:27.169Z] Checked if tokens are valid: true, expires at: 1784703856943
[debug] [2026-07-22T06:23:27.169Z] Checked if tokens are valid: true, expires at: 1784703856943
[debug] [2026-07-22T06:23:27.169Z] >>> [apiv2][query] POST https://cloudfunctions.googleapis.com/v2/projects/tennisboard-f1b1e/locations/asia-southeast1/functions:generateUploadUrl [none]
[debug] [2026-07-22T06:23:27.415Z] <<< [apiv2][status] POST https://cloudfunctions.googleapis.com/v2/projects/tennisboard-f1b1e/locations/asia-southeast1/functions:generateUploadUrl 200
[debug] [2026-07-22T06:23:27.415Z] <<< [apiv2][body] POST https://cloudfunctions.googleapis.com/v2/projects/tennisboard-f1b1e/locations/asia-southeast1/functions:generateUploadUrl {"uploadUrl":"https://storage.googleapis.com/gcf-v2-uploads-633378922804.asia-southeast1.cloudfunctions.appspot.com/84c6dab3-7900-457a-98a7-3878f5f1b581.zip?GoogleAccessId=service-633378922804@gcf-admin-robot.iam.gserviceaccount.com&Expires=1784703207&Signature=WFgwhsVyN5NmBa%2FORUpsZlYdrz81WZYTt9zq3LU7vmuRrevawbcSzbC2lViDQ2i6DHQ%2B%2F6hBPDLFmNh7w01UQkbShPoLCjoRV0tKaA95U%2BV270KkTSMZ1AI%2BTnyGctMtT%2FHlxjnwWHkKJI%2BH%2BoPjkFviIEkeyTpXFrlJipndIKvWOEpY0ZgwuN6IGEMPfGH1jRutqW%2FSYsV%2BwJinkvbg0JmQPfM1N%2BWzIcv20Eg23AG7MLNP4D8zooHxlprBr2LVDRoqyBXaHVzMn1SvYX2zb5DbCk1pP2rRTK2COGncGmu%2FIcJiK1%2BmiMg1AKvyPNf%2Fhbz4F59VtLgSz25h0gB5Vw%3D%3D","storageSource":{"bucket":"gcf-v2-uploads-633378922804.asia-southeast1.cloudfunctions.appspot.com","object":"84c6dab3-7900-457a-98a7-3878f5f1b581.zip"}}
[debug] [2026-07-22T06:23:27.415Z] >>> [apiv2][query] PUT https://storage.googleapis.com/gcf-v2-uploads-633378922804.asia-southeast1.cloudfunctions.appspot.com/84c6dab3-7900-457a-98a7-3878f5f1b581.zip GoogleAccessId=service-633378922804%40gcf-admin-robot.iam.gserviceaccount.com&Expires=1784703207&Signature=WFgwhsVyN5NmBa%2FORUpsZlYdrz81WZYTt9zq3LU7vmuRrevawbcSzbC2lViDQ2i6DHQ%2B%2F6hBPDLFmNh7w01UQkbShPoLCjoRV0tKaA95U%2BV270KkTSMZ1AI%2BTnyGctMtT%2FHlxjnwWHkKJI%2BH%2BoPjkFviIEkeyTpXFrlJipndIKvWOEpY0ZgwuN6IGEMPfGH1jRutqW%2FSYsV%2BwJinkvbg0JmQPfM1N%2BWzIcv20Eg23AG7MLNP4D8zooHxlprBr2LVDRoqyBXaHVzMn1SvYX2zb5DbCk1pP2rRTK2COGncGmu%2FIcJiK1%2BmiMg1AKvyPNf%2Fhbz4F59VtLgSz25h0gB5Vw%3D%3D
[debug] [2026-07-22T06:23:27.415Z] >>> [apiv2][body] PUT https://storage.googleapis.com/gcf-v2-uploads-633378922804.asia-southeast1.cloudfunctions.appspot.com/84c6dab3-7900-457a-98a7-3878f5f1b581.zip [stream]
[debug] [2026-07-22T06:23:27.697Z] <<< [apiv2][status] PUT https://storage.googleapis.com/gcf-v2-uploads-633378922804.asia-southeast1.cloudfunctions.appspot.com/84c6dab3-7900-457a-98a7-3878f5f1b581.zip 200
[debug] [2026-07-22T06:23:27.697Z] <<< [apiv2][body] PUT https://storage.googleapis.com/gcf-v2-uploads-633378922804.asia-southeast1.cloudfunctions.appspot.com/84c6dab3-7900-457a-98a7-3878f5f1b581.zip [omitted]
[info] +  functions: functions source uploaded successfully 
[info] i  functions: updating Node.js 22 (2nd Gen) function dispatchBookingChanges(asia-southeast1)... 
[info] i  functions: updating Node.js 22 (2nd Gen) function sendDailyReminders(asia-southeast1)... 
[debug] [2026-07-22T06:23:27.700Z] Checked if tokens are valid: true, expires at: 1784703856943
[debug] [2026-07-22T06:23:27.700Z] Checked if tokens are valid: true, expires at: 1784703856943
[debug] [2026-07-22T06:23:27.700Z] >>> [apiv2][query] PATCH https://cloudfunctions.googleapis.com/v2/projects/tennisboard-f1b1e/locations/asia-southeast1/functions/dispatchBookingChanges updateMask=name%2CbuildConfig.runtime%2CbuildConfig.entryPoint%2CbuildConfig.source.storageSource.bucket%2CbuildConfig.source.storageSource.object%2CbuildConfig.environmentVariables%2CbuildConfig.sourceToken%2CserviceConfig.environmentVariables%2CserviceConfig.ingressSettings%2CserviceConfig.timeoutSeconds%2CserviceConfig.serviceAccountEmail%2CserviceConfig.availableMemory%2CserviceConfig.minInstanceCount%2CserviceConfig.maxInstanceCount%2CserviceConfig.maxInstanceRequestConcurrency%2CserviceConfig.availableCpu%2CserviceConfig.vpcConnector%2CserviceConfig.vpcConnectorEgressSettings%2CserviceConfig.directVpcNetworkInterface%2CserviceConfig.directVpcEgress%2Clabels
[debug] [2026-07-22T06:23:27.700Z] >>> [apiv2][body] PATCH https://cloudfunctions.googleapis.com/v2/projects/tennisboard-f1b1e/locations/asia-southeast1/functions/dispatchBookingChanges {"name":"projects/tennisboard-f1b1e/locations/asia-southeast1/functions/dispatchBookingChanges","buildConfig":{"runtime":"nodejs22","entryPoint":"dispatchBookingChanges","source":{"storageSource":{"bucket":"gcf-v2-uploads-633378922804.asia-southeast1.cloudfunctions.appspot.com","object":"84c6dab3-7900-457a-98a7-3878f5f1b581.zip"}},"environmentVariables":{"GOOGLE_NODE_RUN_SCRIPTS":""}},"serviceConfig":{"environmentVariables":{"FIREBASE_CONFIG":"{\"projectId\":\"tennisboard-f1b1e\",\"storageBucket\":\"tennisboard-f1b1e.firebasestorage.app\"}","GCLOUD_PROJECT":"tennisboard-f1b1e","EVENTARC_CLOUD_EVENT_SOURCE":"projects/tennisboard-f1b1e/locations/asia-southeast1/services/dispatchBookingChanges","FUNCTION_TARGET":"dispatchBookingChanges","LOG_EXECUTION_ID":"true"},"ingressSettings":null,"timeoutSeconds":null,"serviceAccountEmail":null,"availableMemory":"256Mi","minInstanceCount":null,"maxInstanceCount":null,"maxInstanceRequestConcurrency":80,"availableCpu":"1","vpcConnector":null,"vpcConnectorEgressSettings":null,"directVpcNetworkInterface":null,"directVpcEgress":null},"labels":{"deployment-tool":"cli-firebase","deployment-scheduled":"true","firebase-functions-hash":"086f4bf656925f69207c5238e2f6fb8ea4dc96da"}}
[debug] [2026-07-22T06:23:29.057Z] <<< [apiv2][status] PATCH https://cloudfunctions.googleapis.com/v2/projects/tennisboard-f1b1e/locations/asia-southeast1/functions/dispatchBookingChanges 200
[debug] [2026-07-22T06:23:29.057Z] <<< [apiv2][body] PATCH https://cloudfunctions.googleapis.com/v2/projects/tennisboard-f1b1e/locations/asia-southeast1/functions/dispatchBookingChanges {"name":"projects/tennisboard-f1b1e/locations/asia-southeast1/operations/operation-1784701408306-6572d2d78e5fe-e06a8185-ac81604b","metadata":{"@type":"type.googleapis.com/google.cloud.functions.v2.OperationMetadata","createTime":"2026-07-22T06:23:29.550381361Z","target":"projects/tennisboard-f1b1e/locations/asia-southeast1/functions/dispatchBookingChanges","verb":"update","cancelRequested":false,"apiVersion":"v2"},"done":false}
[debug] [2026-07-22T06:23:29.057Z] Checked if tokens are valid: true, expires at: 1784703856943
[debug] [2026-07-22T06:23:29.057Z] Checked if tokens are valid: true, expires at: 1784703856943
[debug] [2026-07-22T06:23:29.057Z] >>> [apiv2][query] GET https://cloudfunctions.googleapis.com/v2/projects/tennisboard-f1b1e/locations/asia-southeast1/operations/operation-1784701408306-6572d2d78e5fe-e06a8185-ac81604b [none]
[debug] [2026-07-22T06:23:29.165Z] <<< [apiv2][status] GET https://cloudfunctions.googleapis.com/v2/projects/tennisboard-f1b1e/locations/asia-southeast1/operations/operation-1784701408306-6572d2d78e5fe-e06a8185-ac81604b 200
[debug] [2026-07-22T06:23:29.165Z] <<< [apiv2][body] GET https://cloudfunctions.googleapis.com/v2/projects/tennisboard-f1b1e/locations/asia-southeast1/operations/operation-1784701408306-6572d2d78e5fe-e06a8185-ac81604b {"name":"projects/tennisboard-f1b1e/locations/asia-southeast1/operations/operation-1784701408306-6572d2d78e5fe-e06a8185-ac81604b","metadata":{"@type":"type.googleapis.com/google.cloud.functions.v2.OperationMetadata","createTime":"2026-07-22T06:23:29.550381361Z","target":"projects/tennisboard-f1b1e/locations/asia-southeast1/functions/dispatchBookingChanges","verb":"update","cancelRequested":false,"apiVersion":"v2"},"done":false}
[debug] [2026-07-22T06:23:29.674Z] [update-default-asia-southeast1-dispatchBookingChanges] Retrying task index 0
[debug] [2026-07-22T06:23:29.674Z] Checked if tokens are valid: true, expires at: 1784703856943
[debug] [2026-07-22T06:23:29.674Z] Checked if tokens are valid: true, expires at: 1784703856943
[debug] [2026-07-22T06:23:29.674Z] >>> [apiv2][query] GET https://cloudfunctions.googleapis.com/v2/projects/tennisboard-f1b1e/locations/asia-southeast1/operations/operation-1784701408306-6572d2d78e5fe-e06a8185-ac81604b [none]
[debug] [2026-07-22T06:23:29.772Z] <<< [apiv2][status] GET https://cloudfunctions.googleapis.com/v2/projects/tennisboard-f1b1e/locations/asia-southeast1/operations/operation-1784701408306-6572d2d78e5fe-e06a8185-ac81604b 200
[debug] [2026-07-22T06:23:29.773Z] <<< [apiv2][body] GET https://cloudfunctions.googleapis.com/v2/projects/tennisboard-f1b1e/locations/asia-southeast1/operations/operation-1784701408306-6572d2d78e5fe-e06a8185-ac81604b {"name":"projects/tennisboard-f1b1e/locations/asia-southeast1/operations/operation-1784701408306-6572d2d78e5fe-e06a8185-ac81604b","metadata":{"@type":"type.googleapis.com/google.cloud.functions.v2.OperationMetadata","createTime":"2026-07-22T06:23:29.550381361Z","target":"projects/tennisboard-f1b1e/locations/asia-southeast1/functions/dispatchBookingChanges","verb":"update","cancelRequested":false,"apiVersion":"v2","requestResource":{"@type":"type.googleapis.com/google.cloud.functions.v2.Function","name":"projects/tennisboard-f1b1e/locations/asia-southeast1/functions/dispatchBookingChanges","buildConfig":{"runtime":"nodejs22","entryPoint":"dispatchBookingChanges","source":{"storageSource":{"bucket":"gcf-v2-sources-633378922804-asia-southeast1","object":"dispatchBookingChanges/function-source.zip","generation":"1784701409491094"}},"environmentVariables":{"GOOGLE_NODE_RUN_SCRIPTS":""},"dockerRepository":"projects/tennisboard-f1b1e/locations/asia-southeast1/repositories/gcf-artifacts","sourceProvenance":{"resolvedStorageSource":{"bucket":"gcf-v2-sources-633378922804-asia-southeast1","object":"dispatchBookingChanges/function-source.zip","generation":"1784700384639235"}},"dockerRegistry":"ARTIFACT_REGISTRY","serviceAccount":"projects/tennisboard-f1b1e/serviceAccounts/633378922804-compute@developer.gserviceaccount.com","automaticUpdatePolicy":{}},"serviceConfig":{"service":"projects/tennisboard-f1b1e/locations/asia-southeast1/services/dispatchbookingchanges","timeoutSeconds":60,"environmentVariables":{"FIREBASE_CONFIG":"{\"projectId\":\"tennisboard-f1b1e\",\"storageBucket\":\"tennisboard-f1b1e.firebasestorage.app\"}","GCLOUD_PROJECT":"tennisboard-f1b1e","EVENTARC_CLOUD_EVENT_SOURCE":"projects/tennisboard-f1b1e/locations/asia-southeast1/services/dispatchBookingChanges","FUNCTION_TARGET":"dispatchBookingChanges","LOG_EXECUTION_ID":"true"},"ingressSettings":"ALLOW_ALL","uri":"https://dispatchbookingchanges-qyvxe23dya-as.a.run.app","serviceAccountEmail":"633378922804-compute@developer.gserviceaccount.com","availableMemory":"256Mi","allTrafficOnLatestRevision":true,"revision":"dispatchbookingchanges-00003-rux","maxInstanceRequestConcurrency":80,"availableCpu":"1"},"state":"ACTIVE","labels":{"deployment-tool":"cli-firebase","deployment-scheduled":"true","firebase-functions-hash":"086f4bf656925f69207c5238e2f6fb8ea4dc96da"},"environment":"GEN_2","url":"https://asia-southeast1-tennisboard-f1b1e.cloudfunctions.net/dispatchBookingChanges","satisfiesPzs":true,"satisfiesPzi":true},"stages":[{"name":"BUILD","state":"NOT_STARTED"},{"name":"SERVICE","state":"NOT_STARTED"}],"operationType":"UPDATE_FUNCTION"},"done":false}
[debug] [2026-07-22T06:23:30.775Z] [update-default-asia-southeast1-dispatchBookingChanges] Retrying task index 0
[debug] [2026-07-22T06:23:30.775Z] Checked if tokens are valid: true, expires at: 1784703856943
[debug] [2026-07-22T06:23:30.775Z] Checked if tokens are valid: true, expires at: 1784703856943
[debug] [2026-07-22T06:23:30.775Z] >>> [apiv2][query] GET https://cloudfunctions.googleapis.com/v2/projects/tennisboard-f1b1e/locations/asia-southeast1/operations/operation-1784701408306-6572d2d78e5fe-e06a8185-ac81604b [none]
[debug] [2026-07-22T06:23:30.858Z] <<< [apiv2][status] GET https://cloudfunctions.googleapis.com/v2/projects/tennisboard-f1b1e/locations/asia-southeast1/operations/operation-1784701408306-6572d2d78e5fe-e06a8185-ac81604b 200
[debug] [2026-07-22T06:23:30.858Z] <<< [apiv2][body] GET https://cloudfunctions.googleapis.com/v2/projects/tennisboard-f1b1e/locations/asia-southeast1/operations/operation-1784701408306-6572d2d78e5fe-e06a8185-ac81604b {"name":"projects/tennisboard-f1b1e/locations/asia-southeast1/operations/operation-1784701408306-6572d2d78e5fe-e06a8185-ac81604b","metadata":{"@type":"type.googleapis.com/google.cloud.functions.v2.OperationMetadata","createTime":"2026-07-22T06:23:29.550381361Z","target":"projects/tennisboard-f1b1e/locations/asia-southeast1/functions/dispatchBookingChanges","verb":"update","cancelRequested":false,"apiVersion":"v2","requestResource":{"@type":"type.googleapis.com/google.cloud.functions.v2.Function","name":"projects/tennisboard-f1b1e/locations/asia-southeast1/functions/dispatchBookingChanges","buildConfig":{"runtime":"nodejs22","entryPoint":"dispatchBookingChanges","source":{"storageSource":{"bucket":"gcf-v2-sources-633378922804-asia-southeast1","object":"dispatchBookingChanges/function-source.zip","generation":"1784701409491094"}},"environmentVariables":{"GOOGLE_NODE_RUN_SCRIPTS":""},"dockerRepository":"projects/tennisboard-f1b1e/locations/asia-southeast1/repositories/gcf-artifacts","sourceProvenance":{"resolvedStorageSource":{"bucket":"gcf-v2-sources-633378922804-asia-southeast1","object":"dispatchBookingChanges/function-source.zip","generation":"1784700384639235"}},"dockerRegistry":"ARTIFACT_REGISTRY","serviceAccount":"projects/tennisboard-f1b1e/serviceAccounts/633378922804-compute@developer.gserviceaccount.com","automaticUpdatePolicy":{}},"serviceConfig":{"service":"projects/tennisboard-f1b1e/locations/asia-southeast1/services/dispatchbookingchanges","timeoutSeconds":60,"environmentVariables":{"FIREBASE_CONFIG":"{\"projectId\":\"tennisboard-f1b1e\",\"storageBucket\":\"tennisboard-f1b1e.firebasestorage.app\"}","GCLOUD_PROJECT":"tennisboard-f1b1e","EVENTARC_CLOUD_EVENT_SOURCE":"projects/tennisboard-f1b1e/locations/asia-southeast1/services/dispatchBookingChanges","FUNCTION_TARGET":"dispatchBookingChanges","LOG_EXECUTION_ID":"true"},"ingressSettings":"ALLOW_ALL","uri":"https://dispatchbookingchanges-qyvxe23dya-as.a.run.app","serviceAccountEmail":"633378922804-compute@developer.gserviceaccount.com","availableMemory":"256Mi","allTrafficOnLatestRevision":true,"revision":"dispatchbookingchanges-00003-rux","maxInstanceRequestConcurrency":80,"availableCpu":"1"},"state":"ACTIVE","labels":{"deployment-tool":"cli-firebase","deployment-scheduled":"true","firebase-functions-hash":"086f4bf656925f69207c5238e2f6fb8ea4dc96da"},"environment":"GEN_2","url":"https://asia-southeast1-tennisboard-f1b1e.cloudfunctions.net/dispatchBookingChanges","satisfiesPzs":true,"satisfiesPzi":true},"stages":[{"name":"BUILD","message":"Creating build","state":"IN_PROGRESS","resource":"projects/633378922804/locations/asia-southeast1/builds/f1550b63-6001-4fa3-aa93-a90a2b988a0f","resourceUri":"https://console.cloud.google.com/cloud-build/builds;region=asia-southeast1/f1550b63-6001-4fa3-aa93-a90a2b988a0f?project=633378922804"},{"name":"SERVICE","state":"NOT_STARTED"}],"operationType":"UPDATE_FUNCTION","buildName":"projects/633378922804/locations/asia-southeast1/builds/f1550b63-6001-4fa3-aa93-a90a2b988a0f"},"done":false}
[debug] [2026-07-22T06:23:32.862Z] [update-default-asia-southeast1-dispatchBookingChanges] Retrying task index 0
[debug] [2026-07-22T06:23:32.862Z] Checked if tokens are valid: true, expires at: 1784703856943
[debug] [2026-07-22T06:23:32.862Z] Checked if tokens are valid: true, expires at: 1784703856943
[debug] [2026-07-22T06:23:32.862Z] >>> [apiv2][query] GET https://cloudfunctions.googleapis.com/v2/projects/tennisboard-f1b1e/locations/asia-southeast1/operations/operation-1784701408306-6572d2d78e5fe-e06a8185-ac81604b [none]
[debug] [2026-07-22T06:23:32.954Z] <<< [apiv2][status] GET https://cloudfunctions.googleapis.com/v2/projects/tennisboard-f1b1e/locations/asia-southeast1/operations/operation-1784701408306-6572d2d78e5fe-e06a8185-ac81604b 200
[debug] [2026-07-22T06:23:32.954Z] <<< [apiv2][body] GET https://cloudfunctions.googleapis.com/v2/projects/tennisboard-f1b1e/locations/asia-southeast1/operations/operation-1784701408306-6572d2d78e5fe-e06a8185-ac81604b {"name":"projects/tennisboard-f1b1e/locations/asia-southeast1/operations/operation-1784701408306-6572d2d78e5fe-e06a8185-ac81604b","metadata":{"@type":"type.googleapis.com/google.cloud.functions.v2.OperationMetadata","createTime":"2026-07-22T06:23:29.550381361Z","target":"projects/tennisboard-f1b1e/locations/asia-southeast1/functions/dispatchBookingChanges","verb":"update","cancelRequested":false,"apiVersion":"v2","requestResource":{"@type":"type.googleapis.com/google.cloud.functions.v2.Function","name":"projects/tennisboard-f1b1e/locations/asia-southeast1/functions/dispatchBookingChanges","buildConfig":{"runtime":"nodejs22","entryPoint":"dispatchBookingChanges","source":{"storageSource":{"bucket":"gcf-v2-sources-633378922804-asia-southeast1","object":"dispatchBookingChanges/function-source.zip","generation":"1784701409491094"}},"environmentVariables":{"GOOGLE_NODE_RUN_SCRIPTS":""},"dockerRepository":"projects/tennisboard-f1b1e/locations/asia-southeast1/repositories/gcf-artifacts","sourceProvenance":{"resolvedStorageSource":{"bucket":"gcf-v2-sources-633378922804-asia-southeast1","object":"dispatchBookingChanges/function-source.zip","generation":"1784700384639235"}},"dockerRegistry":"ARTIFACT_REGISTRY","serviceAccount":"projects/tennisboard-f1b1e/serviceAccounts/633378922804-compute@developer.gserviceaccount.com","automaticUpdatePolicy":{}},"serviceConfig":{"service":"projects/tennisboard-f1b1e/locations/asia-southeast1/services/dispatchbookingchanges","timeoutSeconds":60,"environmentVariables":{"FIREBASE_CONFIG":"{\"projectId\":\"tennisboard-f1b1e\",\"storageBucket\":\"tennisboard-f1b1e.firebasestorage.app\"}","GCLOUD_PROJECT":"tennisboard-f1b1e","EVENTARC_CLOUD_EVENT_SOURCE":"projects/tennisboard-f1b1e/locations/asia-southeast1/services/dispatchBookingChanges","FUNCTION_TARGET":"dispatchBookingChanges","LOG_EXECUTION_ID":"true"},"ingressSettings":"ALLOW_ALL","uri":"https://dispatchbookingchanges-qyvxe23dya-as.a.run.app","serviceAccountEmail":"633378922804-compute@developer.gserviceaccount.com","availableMemory":"256Mi","allTrafficOnLatestRevision":true,"revision":"dispatchbookingchanges-00003-rux","maxInstanceRequestConcurrency":80,"availableCpu":"1"},"state":"ACTIVE","labels":{"deployment-tool":"cli-firebase","deployment-scheduled":"true","firebase-functions-hash":"086f4bf656925f69207c5238e2f6fb8ea4dc96da"},"environment":"GEN_2","url":"https://asia-southeast1-tennisboard-f1b1e.cloudfunctions.net/dispatchBookingChanges","satisfiesPzs":true,"satisfiesPzi":true},"stages":[{"name":"BUILD","message":"Build in progress","state":"IN_PROGRESS","resource":"projects/633378922804/locations/asia-southeast1/builds/f1550b63-6001-4fa3-aa93-a90a2b988a0f","resourceUri":"https://console.cloud.google.com/cloud-build/builds;region=asia-southeast1/f1550b63-6001-4fa3-aa93-a90a2b988a0f?project=633378922804"},{"name":"SERVICE","state":"NOT_STARTED"}],"operationType":"UPDATE_FUNCTION","buildName":"projects/633378922804/locations/asia-southeast1/builds/f1550b63-6001-4fa3-aa93-a90a2b988a0f"},"done":false}
[debug] [2026-07-22T06:23:36.964Z] [update-default-asia-southeast1-dispatchBookingChanges] Retrying task index 0
[debug] [2026-07-22T06:23:36.964Z] Checked if tokens are valid: true, expires at: 1784703856943
[debug] [2026-07-22T06:23:36.964Z] Checked if tokens are valid: true, expires at: 1784703856943
[debug] [2026-07-22T06:23:36.964Z] >>> [apiv2][query] GET https://cloudfunctions.googleapis.com/v2/projects/tennisboard-f1b1e/locations/asia-southeast1/operations/operation-1784701408306-6572d2d78e5fe-e06a8185-ac81604b [none]
[debug] [2026-07-22T06:23:37.108Z] <<< [apiv2][status] GET https://cloudfunctions.googleapis.com/v2/projects/tennisboard-f1b1e/locations/asia-southeast1/operations/operation-1784701408306-6572d2d78e5fe-e06a8185-ac81604b 200
[debug] [2026-07-22T06:23:37.108Z] <<< [apiv2][body] GET https://cloudfunctions.googleapis.com/v2/projects/tennisboard-f1b1e/locations/asia-southeast1/operations/operation-1784701408306-6572d2d78e5fe-e06a8185-ac81604b {"name":"projects/tennisboard-f1b1e/locations/asia-southeast1/operations/operation-1784701408306-6572d2d78e5fe-e06a8185-ac81604b","metadata":{"@type":"type.googleapis.com/google.cloud.functions.v2.OperationMetadata","createTime":"2026-07-22T06:23:29.550381361Z","target":"projects/tennisboard-f1b1e/locations/asia-southeast1/functions/dispatchBookingChanges","verb":"update","cancelRequested":false,"apiVersion":"v2","requestResource":{"@type":"type.googleapis.com/google.cloud.functions.v2.Function","name":"projects/tennisboard-f1b1e/locations/asia-southeast1/functions/dispatchBookingChanges","buildConfig":{"runtime":"nodejs22","entryPoint":"dispatchBookingChanges","source":{"storageSource":{"bucket":"gcf-v2-sources-633378922804-asia-southeast1","object":"dispatchBookingChanges/function-source.zip","generation":"1784701409491094"}},"environmentVariables":{"GOOGLE_NODE_RUN_SCRIPTS":""},"dockerRepository":"projects/tennisboard-f1b1e/locations/asia-southeast1/repositories/gcf-artifacts","sourceProvenance":{"resolvedStorageSource":{"bucket":"gcf-v2-sources-633378922804-asia-southeast1","object":"dispatchBookingChanges/function-source.zip","generation":"1784700384639235"}},"dockerRegistry":"ARTIFACT_REGISTRY","serviceAccount":"projects/tennisboard-f1b1e/serviceAccounts/633378922804-compute@developer.gserviceaccount.com","automaticUpdatePolicy":{}},"serviceConfig":{"service":"projects/tennisboard-f1b1e/locations/asia-southeast1/services/dispatchbookingchanges","timeoutSeconds":60,"environmentVariables":{"FIREBASE_CONFIG":"{\"projectId\":\"tennisboard-f1b1e\",\"storageBucket\":\"tennisboard-f1b1e.firebasestorage.app\"}","GCLOUD_PROJECT":"tennisboard-f1b1e","EVENTARC_CLOUD_EVENT_SOURCE":"projects/tennisboard-f1b1e/locations/asia-southeast1/services/dispatchBookingChanges","FUNCTION_TARGET":"dispatchBookingChanges","LOG_EXECUTION_ID":"true"},"ingressSettings":"ALLOW_ALL","uri":"https://dispatchbookingchanges-qyvxe23dya-as.a.run.app","serviceAccountEmail":"633378922804-compute@developer.gserviceaccount.com","availableMemory":"256Mi","allTrafficOnLatestRevision":true,"revision":"dispatchbookingchanges-00003-rux","maxInstanceRequestConcurrency":80,"availableCpu":"1"},"state":"ACTIVE","labels":{"deployment-tool":"cli-firebase","deployment-scheduled":"true","firebase-functions-hash":"086f4bf656925f69207c5238e2f6fb8ea4dc96da"},"environment":"GEN_2","url":"https://asia-southeast1-tennisboard-f1b1e.cloudfunctions.net/dispatchBookingChanges","satisfiesPzs":true,"satisfiesPzi":true},"stages":[{"name":"BUILD","message":"Build in progress","state":"IN_PROGRESS","resource":"projects/633378922804/locations/asia-southeast1/builds/f1550b63-6001-4fa3-aa93-a90a2b988a0f","resourceUri":"https://console.cloud.google.com/cloud-build/builds;region=asia-southeast1/f1550b63-6001-4fa3-aa93-a90a2b988a0f?project=633378922804"},{"name":"SERVICE","state":"NOT_STARTED"}],"operationType":"UPDATE_FUNCTION","buildName":"projects/633378922804/locations/asia-southeast1/builds/f1550b63-6001-4fa3-aa93-a90a2b988a0f"},"done":false}
[debug] [2026-07-22T06:23:45.110Z] [update-default-asia-southeast1-dispatchBookingChanges] Retrying task index 0
[debug] [2026-07-22T06:23:45.110Z] Checked if tokens are valid: true, expires at: 1784703856943
[debug] [2026-07-22T06:23:45.111Z] Checked if tokens are valid: true, expires at: 1784703856943
[debug] [2026-07-22T06:23:45.111Z] >>> [apiv2][query] GET https://cloudfunctions.googleapis.com/v2/projects/tennisboard-f1b1e/locations/asia-southeast1/operations/operation-1784701408306-6572d2d78e5fe-e06a8185-ac81604b [none]
[debug] [2026-07-22T06:23:45.235Z] <<< [apiv2][status] GET https://cloudfunctions.googleapis.com/v2/projects/tennisboard-f1b1e/locations/asia-southeast1/operations/operation-1784701408306-6572d2d78e5fe-e06a8185-ac81604b 200
[debug] [2026-07-22T06:23:45.235Z] <<< [apiv2][body] GET https://cloudfunctions.googleapis.com/v2/projects/tennisboard-f1b1e/locations/asia-southeast1/operations/operation-1784701408306-6572d2d78e5fe-e06a8185-ac81604b {"name":"projects/tennisboard-f1b1e/locations/asia-southeast1/operations/operation-1784701408306-6572d2d78e5fe-e06a8185-ac81604b","metadata":{"@type":"type.googleapis.com/google.cloud.functions.v2.OperationMetadata","createTime":"2026-07-22T06:23:29.550381361Z","target":"projects/tennisboard-f1b1e/locations/asia-southeast1/functions/dispatchBookingChanges","verb":"update","cancelRequested":false,"apiVersion":"v2","requestResource":{"@type":"type.googleapis.com/google.cloud.functions.v2.Function","name":"projects/tennisboard-f1b1e/locations/asia-southeast1/functions/dispatchBookingChanges","buildConfig":{"runtime":"nodejs22","entryPoint":"dispatchBookingChanges","source":{"storageSource":{"bucket":"gcf-v2-sources-633378922804-asia-southeast1","object":"dispatchBookingChanges/function-source.zip","generation":"1784701409491094"}},"environmentVariables":{"GOOGLE_NODE_RUN_SCRIPTS":""},"dockerRepository":"projects/tennisboard-f1b1e/locations/asia-southeast1/repositories/gcf-artifacts","sourceProvenance":{"resolvedStorageSource":{"bucket":"gcf-v2-sources-633378922804-asia-southeast1","object":"dispatchBookingChanges/function-source.zip","generation":"1784700384639235"}},"dockerRegistry":"ARTIFACT_REGISTRY","serviceAccount":"projects/tennisboard-f1b1e/serviceAccounts/633378922804-compute@developer.gserviceaccount.com","automaticUpdatePolicy":{}},"serviceConfig":{"service":"projects/tennisboard-f1b1e/locations/asia-southeast1/services/dispatchbookingchanges","timeoutSeconds":60,"environmentVariables":{"FIREBASE_CONFIG":"{\"projectId\":\"tennisboard-f1b1e\",\"storageBucket\":\"tennisboard-f1b1e.firebasestorage.app\"}","GCLOUD_PROJECT":"tennisboard-f1b1e","EVENTARC_CLOUD_EVENT_SOURCE":"projects/tennisboard-f1b1e/locations/asia-southeast1/services/dispatchBookingChanges","FUNCTION_TARGET":"dispatchBookingChanges","LOG_EXECUTION_ID":"true"},"ingressSettings":"ALLOW_ALL","uri":"https://dispatchbookingchanges-qyvxe23dya-as.a.run.app","serviceAccountEmail":"633378922804-compute@developer.gserviceaccount.com","availableMemory":"256Mi","allTrafficOnLatestRevision":true,"revision":"dispatchbookingchanges-00003-rux","maxInstanceRequestConcurrency":80,"availableCpu":"1"},"state":"ACTIVE","labels":{"deployment-tool":"cli-firebase","deployment-scheduled":"true","firebase-functions-hash":"086f4bf656925f69207c5238e2f6fb8ea4dc96da"},"environment":"GEN_2","url":"https://asia-southeast1-tennisboard-f1b1e.cloudfunctions.net/dispatchBookingChanges","satisfiesPzs":true,"satisfiesPzi":true},"stages":[{"name":"BUILD","message":"Build in progress","state":"IN_PROGRESS","resource":"projects/633378922804/locations/asia-southeast1/builds/f1550b63-6001-4fa3-aa93-a90a2b988a0f","resourceUri":"https://console.cloud.google.com/cloud-build/builds;region=asia-southeast1/f1550b63-6001-4fa3-aa93-a90a2b988a0f?project=633378922804"},{"name":"SERVICE","state":"NOT_STARTED"}],"operationType":"UPDATE_FUNCTION","buildName":"projects/633378922804/locations/asia-southeast1/builds/f1550b63-6001-4fa3-aa93-a90a2b988a0f"},"done":false}
[debug] [2026-07-22T06:23:55.236Z] [update-default-asia-southeast1-dispatchBookingChanges] Retrying task index 0
[debug] [2026-07-22T06:23:55.237Z] Checked if tokens are valid: true, expires at: 1784703856943
[debug] [2026-07-22T06:23:55.237Z] Checked if tokens are valid: true, expires at: 1784703856943
[debug] [2026-07-22T06:23:55.237Z] >>> [apiv2][query] GET https://cloudfunctions.googleapis.com/v2/projects/tennisboard-f1b1e/locations/asia-southeast1/operations/operation-1784701408306-6572d2d78e5fe-e06a8185-ac81604b [none]
[debug] [2026-07-22T06:23:55.366Z] <<< [apiv2][status] GET https://cloudfunctions.googleapis.com/v2/projects/tennisboard-f1b1e/locations/asia-southeast1/operations/operation-1784701408306-6572d2d78e5fe-e06a8185-ac81604b 200
[debug] [2026-07-22T06:23:55.366Z] <<< [apiv2][body] GET https://cloudfunctions.googleapis.com/v2/projects/tennisboard-f1b1e/locations/asia-southeast1/operations/operation-1784701408306-6572d2d78e5fe-e06a8185-ac81604b {"name":"projects/tennisboard-f1b1e/locations/asia-southeast1/operations/operation-1784701408306-6572d2d78e5fe-e06a8185-ac81604b","metadata":{"@type":"type.googleapis.com/google.cloud.functions.v2.OperationMetadata","createTime":"2026-07-22T06:23:29.550381361Z","target":"projects/tennisboard-f1b1e/locations/asia-southeast1/functions/dispatchBookingChanges","verb":"update","cancelRequested":false,"apiVersion":"v2","requestResource":{"@type":"type.googleapis.com/google.cloud.functions.v2.Function","name":"projects/tennisboard-f1b1e/locations/asia-southeast1/functions/dispatchBookingChanges","buildConfig":{"runtime":"nodejs22","entryPoint":"dispatchBookingChanges","source":{"storageSource":{"bucket":"gcf-v2-sources-633378922804-asia-southeast1","object":"dispatchBookingChanges/function-source.zip","generation":"1784701409491094"}},"environmentVariables":{"GOOGLE_NODE_RUN_SCRIPTS":""},"dockerRepository":"projects/tennisboard-f1b1e/locations/asia-southeast1/repositories/gcf-artifacts","sourceProvenance":{"resolvedStorageSource":{"bucket":"gcf-v2-sources-633378922804-asia-southeast1","object":"dispatchBookingChanges/function-source.zip","generation":"1784700384639235"}},"dockerRegistry":"ARTIFACT_REGISTRY","serviceAccount":"projects/tennisboard-f1b1e/serviceAccounts/633378922804-compute@developer.gserviceaccount.com","automaticUpdatePolicy":{}},"serviceConfig":{"service":"projects/tennisboard-f1b1e/locations/asia-southeast1/services/dispatchbookingchanges","timeoutSeconds":60,"environmentVariables":{"FIREBASE_CONFIG":"{\"projectId\":\"tennisboard-f1b1e\",\"storageBucket\":\"tennisboard-f1b1e.firebasestorage.app\"}","GCLOUD_PROJECT":"tennisboard-f1b1e","EVENTARC_CLOUD_EVENT_SOURCE":"projects/tennisboard-f1b1e/locations/asia-southeast1/services/dispatchBookingChanges","FUNCTION_TARGET":"dispatchBookingChanges","LOG_EXECUTION_ID":"true"},"ingressSettings":"ALLOW_ALL","uri":"https://dispatchbookingchanges-qyvxe23dya-as.a.run.app","serviceAccountEmail":"633378922804-compute@developer.gserviceaccount.com","availableMemory":"256Mi","allTrafficOnLatestRevision":true,"revision":"dispatchbookingchanges-00003-rux","maxInstanceRequestConcurrency":80,"availableCpu":"1"},"state":"ACTIVE","labels":{"deployment-tool":"cli-firebase","deployment-scheduled":"true","firebase-functions-hash":"086f4bf656925f69207c5238e2f6fb8ea4dc96da"},"environment":"GEN_2","url":"https://asia-southeast1-tennisboard-f1b1e.cloudfunctions.net/dispatchBookingChanges","satisfiesPzs":true,"satisfiesPzi":true},"stages":[{"name":"BUILD","message":"Build in progress","state":"IN_PROGRESS","resource":"projects/633378922804/locations/asia-southeast1/builds/f1550b63-6001-4fa3-aa93-a90a2b988a0f","resourceUri":"https://console.cloud.google.com/cloud-build/builds;region=asia-southeast1/f1550b63-6001-4fa3-aa93-a90a2b988a0f?project=633378922804"},{"name":"SERVICE","state":"NOT_STARTED"}],"operationType":"UPDATE_FUNCTION","buildName":"projects/633378922804/locations/asia-southeast1/builds/f1550b63-6001-4fa3-aa93-a90a2b988a0f"},"done":false}
[debug] [2026-07-22T06:24:05.369Z] [update-default-asia-southeast1-dispatchBookingChanges] Retrying task index 0
[debug] [2026-07-22T06:24:05.369Z] Checked if tokens are valid: true, expires at: 1784703856943
[debug] [2026-07-22T06:24:05.370Z] Checked if tokens are valid: true, expires at: 1784703856943
[debug] [2026-07-22T06:24:05.370Z] >>> [apiv2][query] GET https://cloudfunctions.googleapis.com/v2/projects/tennisboard-f1b1e/locations/asia-southeast1/operations/operation-1784701408306-6572d2d78e5fe-e06a8185-ac81604b [none]
[debug] [2026-07-22T06:24:05.506Z] <<< [apiv2][status] GET https://cloudfunctions.googleapis.com/v2/projects/tennisboard-f1b1e/locations/asia-southeast1/operations/operation-1784701408306-6572d2d78e5fe-e06a8185-ac81604b 200
[debug] [2026-07-22T06:24:05.506Z] <<< [apiv2][body] GET https://cloudfunctions.googleapis.com/v2/projects/tennisboard-f1b1e/locations/asia-southeast1/operations/operation-1784701408306-6572d2d78e5fe-e06a8185-ac81604b {"name":"projects/tennisboard-f1b1e/locations/asia-southeast1/operations/operation-1784701408306-6572d2d78e5fe-e06a8185-ac81604b","metadata":{"@type":"type.googleapis.com/google.cloud.functions.v2.OperationMetadata","createTime":"2026-07-22T06:23:29.550381361Z","target":"projects/tennisboard-f1b1e/locations/asia-southeast1/functions/dispatchBookingChanges","verb":"update","cancelRequested":false,"apiVersion":"v2","requestResource":{"@type":"type.googleapis.com/google.cloud.functions.v2.Function","name":"projects/tennisboard-f1b1e/locations/asia-southeast1/functions/dispatchBookingChanges","buildConfig":{"runtime":"nodejs22","entryPoint":"dispatchBookingChanges","source":{"storageSource":{"bucket":"gcf-v2-sources-633378922804-asia-southeast1","object":"dispatchBookingChanges/function-source.zip","generation":"1784701409491094"}},"environmentVariables":{"GOOGLE_NODE_RUN_SCRIPTS":""},"dockerRepository":"projects/tennisboard-f1b1e/locations/asia-southeast1/repositories/gcf-artifacts","sourceProvenance":{"resolvedStorageSource":{"bucket":"gcf-v2-sources-633378922804-asia-southeast1","object":"dispatchBookingChanges/function-source.zip","generation":"1784700384639235"}},"dockerRegistry":"ARTIFACT_REGISTRY","serviceAccount":"projects/tennisboard-f1b1e/serviceAccounts/633378922804-compute@developer.gserviceaccount.com","automaticUpdatePolicy":{}},"serviceConfig":{"service":"projects/tennisboard-f1b1e/locations/asia-southeast1/services/dispatchbookingchanges","timeoutSeconds":60,"environmentVariables":{"FIREBASE_CONFIG":"{\"projectId\":\"tennisboard-f1b1e\",\"storageBucket\":\"tennisboard-f1b1e.firebasestorage.app\"}","GCLOUD_PROJECT":"tennisboard-f1b1e","EVENTARC_CLOUD_EVENT_SOURCE":"projects/tennisboard-f1b1e/locations/asia-southeast1/services/dispatchBookingChanges","FUNCTION_TARGET":"dispatchBookingChanges","LOG_EXECUTION_ID":"true"},"ingressSettings":"ALLOW_ALL","uri":"https://dispatchbookingchanges-qyvxe23dya-as.a.run.app","serviceAccountEmail":"633378922804-compute@developer.gserviceaccount.com","availableMemory":"256Mi","allTrafficOnLatestRevision":true,"revision":"dispatchbookingchanges-00003-rux","maxInstanceRequestConcurrency":80,"availableCpu":"1"},"state":"ACTIVE","labels":{"deployment-tool":"cli-firebase","deployment-scheduled":"true","firebase-functions-hash":"086f4bf656925f69207c5238e2f6fb8ea4dc96da"},"environment":"GEN_2","url":"https://asia-southeast1-tennisboard-f1b1e.cloudfunctions.net/dispatchBookingChanges","satisfiesPzs":true,"satisfiesPzi":true},"stages":[{"name":"BUILD","message":"Build in progress","state":"IN_PROGRESS","resource":"projects/633378922804/locations/asia-southeast1/builds/f1550b63-6001-4fa3-aa93-a90a2b988a0f","resourceUri":"https://console.cloud.google.com/cloud-build/builds;region=asia-southeast1/f1550b63-6001-4fa3-aa93-a90a2b988a0f?project=633378922804"},{"name":"SERVICE","state":"NOT_STARTED"}],"operationType":"UPDATE_FUNCTION","buildName":"projects/633378922804/locations/asia-southeast1/builds/f1550b63-6001-4fa3-aa93-a90a2b988a0f"},"done":false}
[debug] [2026-07-22T06:24:15.513Z] [update-default-asia-southeast1-dispatchBookingChanges] Retrying task index 0
[debug] [2026-07-22T06:24:15.513Z] Checked if tokens are valid: true, expires at: 1784703856943
[debug] [2026-07-22T06:24:15.513Z] Checked if tokens are valid: true, expires at: 1784703856943
[debug] [2026-07-22T06:24:15.513Z] >>> [apiv2][query] GET https://cloudfunctions.googleapis.com/v2/projects/tennisboard-f1b1e/locations/asia-southeast1/operations/operation-1784701408306-6572d2d78e5fe-e06a8185-ac81604b [none]
[debug] [2026-07-22T06:24:15.808Z] <<< [apiv2][status] GET https://cloudfunctions.googleapis.com/v2/projects/tennisboard-f1b1e/locations/asia-southeast1/operations/operation-1784701408306-6572d2d78e5fe-e06a8185-ac81604b 200
[debug] [2026-07-22T06:24:15.809Z] <<< [apiv2][body] GET https://cloudfunctions.googleapis.com/v2/projects/tennisboard-f1b1e/locations/asia-southeast1/operations/operation-1784701408306-6572d2d78e5fe-e06a8185-ac81604b {"name":"projects/tennisboard-f1b1e/locations/asia-southeast1/operations/operation-1784701408306-6572d2d78e5fe-e06a8185-ac81604b","metadata":{"@type":"type.googleapis.com/google.cloud.functions.v2.OperationMetadata","createTime":"2026-07-22T06:23:29.550381361Z","target":"projects/tennisboard-f1b1e/locations/asia-southeast1/functions/dispatchBookingChanges","verb":"update","cancelRequested":false,"apiVersion":"v2","requestResource":{"@type":"type.googleapis.com/google.cloud.functions.v2.Function","name":"projects/tennisboard-f1b1e/locations/asia-southeast1/functions/dispatchBookingChanges","buildConfig":{"runtime":"nodejs22","entryPoint":"dispatchBookingChanges","source":{"storageSource":{"bucket":"gcf-v2-sources-633378922804-asia-southeast1","object":"dispatchBookingChanges/function-source.zip","generation":"1784701409491094"}},"environmentVariables":{"GOOGLE_NODE_RUN_SCRIPTS":""},"dockerRepository":"projects/tennisboard-f1b1e/locations/asia-southeast1/repositories/gcf-artifacts","sourceProvenance":{"resolvedStorageSource":{"bucket":"gcf-v2-sources-633378922804-asia-southeast1","object":"dispatchBookingChanges/function-source.zip","generation":"1784700384639235"}},"dockerRegistry":"ARTIFACT_REGISTRY","serviceAccount":"projects/tennisboard-f1b1e/serviceAccounts/633378922804-compute@developer.gserviceaccount.com","automaticUpdatePolicy":{}},"serviceConfig":{"service":"projects/tennisboard-f1b1e/locations/asia-southeast1/services/dispatchbookingchanges","timeoutSeconds":60,"environmentVariables":{"FIREBASE_CONFIG":"{\"projectId\":\"tennisboard-f1b1e\",\"storageBucket\":\"tennisboard-f1b1e.firebasestorage.app\"}","GCLOUD_PROJECT":"tennisboard-f1b1e","EVENTARC_CLOUD_EVENT_SOURCE":"projects/tennisboard-f1b1e/locations/asia-southeast1/services/dispatchBookingChanges","FUNCTION_TARGET":"dispatchBookingChanges","LOG_EXECUTION_ID":"true"},"ingressSettings":"ALLOW_ALL","uri":"https://dispatchbookingchanges-qyvxe23dya-as.a.run.app","serviceAccountEmail":"633378922804-compute@developer.gserviceaccount.com","availableMemory":"256Mi","allTrafficOnLatestRevision":true,"revision":"dispatchbookingchanges-00003-rux","maxInstanceRequestConcurrency":80,"availableCpu":"1"},"state":"ACTIVE","labels":{"deployment-tool":"cli-firebase","deployment-scheduled":"true","firebase-functions-hash":"086f4bf656925f69207c5238e2f6fb8ea4dc96da"},"environment":"GEN_2","url":"https://asia-southeast1-tennisboard-f1b1e.cloudfunctions.net/dispatchBookingChanges","satisfiesPzs":true,"satisfiesPzi":true},"stages":[{"name":"BUILD","message":"Build finished","state":"COMPLETE","resource":"projects/633378922804/locations/asia-southeast1/builds/f1550b63-6001-4fa3-aa93-a90a2b988a0f","resourceUri":"https://console.cloud.google.com/cloud-build/builds;region=asia-southeast1/f1550b63-6001-4fa3-aa93-a90a2b988a0f?project=633378922804"},{"name":"SERVICE","state":"NOT_STARTED"}],"sourceToken":"Cltwcm9qZWN0cy82MzMzNzg5MjI4MDQvbG9jYXRpb25zL2FzaWEtc291dGhlYXN0MS9idWlsZHMvZjE1NTBiNjMtNjAwMS00ZmEzLWFhOTMtYTkwYTJiOTg4YTBmEocBYXNpYS1zb3V0aGVhc3QxLWRvY2tlci5wa2cuZGV2L3Rlbm5pc2JvYXJkLWYxYjFlL2djZi1hcnRpZmFjdHMvdGVubmlzYm9hcmQtLWYxYjFlX19hc2lhLS1zb3V0aGVhc3QxX19kaXNwYXRjaF9ib29raW5nX2NoYW5nZXM6dmVyc2lvbl8xGLTCzcK3EiJVcHJvamVjdHMvdGVubmlzYm9hcmQtZjFiMWUvbG9jYXRpb25zL2FzaWEtc291dGhlYXN0MS9mdW5jdGlvbnMvZGlzcGF0Y2hCb29raW5nQ2hhbmdlcyoMCI/EgdMGEPjc1PkBMghub2RlanMyMjp6CiNnY3IuaW8vZ2FlLXJ1bnRpbWVzL25vZGVqczIyOnN0YWJsZRJTYXNpYS1zb3V0aGVhc3QxLWRvY2tlci5wa2cuZGV2L3NlcnZlcmxlc3MtcnVudGltZXMvZ29vZ2xlLTIyLWZ1bGwvcnVudGltZXMvbm9kZWpzMjJAAQ==","operationType":"UPDATE_FUNCTION","buildName":"projects/633378922804/locations/asia-southeast1/builds/f1550b63-6001-4fa3-aa93-a90a2b988a0f"},"done":false}
[debug] [2026-07-22T06:24:15.809Z] Got source token Cltwcm9qZWN0cy82MzMzNzg5MjI4MDQvbG9jYXRpb25zL2FzaWEtc291dGhlYXN0MS9idWlsZHMvZjE1NTBiNjMtNjAwMS00ZmEzLWFhOTMtYTkwYTJiOTg4YTBmEocBYXNpYS1zb3V0aGVhc3QxLWRvY2tlci5wa2cuZGV2L3Rlbm5pc2JvYXJkLWYxYjFlL2djZi1hcnRpZmFjdHMvdGVubmlzYm9hcmQtLWYxYjFlX19hc2lhLS1zb3V0aGVhc3QxX19kaXNwYXRjaF9ib29raW5nX2NoYW5nZXM6dmVyc2lvbl8xGLTCzcK3EiJVcHJvamVjdHMvdGVubmlzYm9hcmQtZjFiMWUvbG9jYXRpb25zL2FzaWEtc291dGhlYXN0MS9mdW5jdGlvbnMvZGlzcGF0Y2hCb29raW5nQ2hhbmdlcyoMCI/EgdMGEPjc1PkBMghub2RlanMyMjp6CiNnY3IuaW8vZ2FlLXJ1bnRpbWVzL25vZGVqczIyOnN0YWJsZRJTYXNpYS1zb3V0aGVhc3QxLWRvY2tlci5wa2cuZGV2L3NlcnZlcmxlc3MtcnVudGltZXMvZ29vZ2xlLTIyLWZ1bGwvcnVudGltZXMvbm9kZWpzMjJAAQ== for region asia-southeast1
[debug] [2026-07-22T06:24:15.809Z] Checked if tokens are valid: true, expires at: 1784703856943
[debug] [2026-07-22T06:24:15.809Z] Checked if tokens are valid: true, expires at: 1784703856943
[debug] [2026-07-22T06:24:15.809Z] >>> [apiv2][query] PATCH https://cloudfunctions.googleapis.com/v2/projects/tennisboard-f1b1e/locations/asia-southeast1/functions/sendDailyReminders updateMask=name%2CbuildConfig.runtime%2CbuildConfig.entryPoint%2CbuildConfig.source.storageSource.bucket%2CbuildConfig.source.storageSource.object%2CbuildConfig.environmentVariables%2CbuildConfig.sourceToken%2CserviceConfig.environmentVariables%2CserviceConfig.ingressSettings%2CserviceConfig.timeoutSeconds%2CserviceConfig.serviceAccountEmail%2CserviceConfig.availableMemory%2CserviceConfig.minInstanceCount%2CserviceConfig.maxInstanceCount%2CserviceConfig.maxInstanceRequestConcurrency%2CserviceConfig.availableCpu%2CserviceConfig.vpcConnector%2CserviceConfig.vpcConnectorEgressSettings%2CserviceConfig.directVpcNetworkInterface%2CserviceConfig.directVpcEgress%2Clabels
[debug] [2026-07-22T06:24:15.809Z] >>> [apiv2][body] PATCH https://cloudfunctions.googleapis.com/v2/projects/tennisboard-f1b1e/locations/asia-southeast1/functions/sendDailyReminders {"name":"projects/tennisboard-f1b1e/locations/asia-southeast1/functions/sendDailyReminders","buildConfig":{"runtime":"nodejs22","entryPoint":"sendDailyReminders","source":{"storageSource":{"bucket":"gcf-v2-uploads-633378922804.asia-southeast1.cloudfunctions.appspot.com","object":"84c6dab3-7900-457a-98a7-3878f5f1b581.zip"}},"environmentVariables":{"GOOGLE_NODE_RUN_SCRIPTS":""},"sourceToken":"Cltwcm9qZWN0cy82MzMzNzg5MjI4MDQvbG9jYXRpb25zL2FzaWEtc291dGhlYXN0MS9idWlsZHMvZjE1NTBiNjMtNjAwMS00ZmEzLWFhOTMtYTkwYTJiOTg4YTBmEocBYXNpYS1zb3V0aGVhc3QxLWRvY2tlci5wa2cuZGV2L3Rlbm5pc2JvYXJkLWYxYjFlL2djZi1hcnRpZmFjdHMvdGVubmlzYm9hcmQtLWYxYjFlX19hc2lhLS1zb3V0aGVhc3QxX19kaXNwYXRjaF9ib29raW5nX2NoYW5nZXM6dmVyc2lvbl8xGLTCzcK3EiJVcHJvamVjdHMvdGVubmlzYm9hcmQtZjFiMWUvbG9jYXRpb25zL2FzaWEtc291dGhlYXN0MS9mdW5jdGlvbnMvZGlzcGF0Y2hCb29raW5nQ2hhbmdlcyoMCI/EgdMGEPjc1PkBMghub2RlanMyMjp6CiNnY3IuaW8vZ2FlLXJ1bnRpbWVzL25vZGVqczIyOnN0YWJsZRJTYXNpYS1zb3V0aGVhc3QxLWRvY2tlci5wa2cuZGV2L3NlcnZlcmxlc3MtcnVudGltZXMvZ29vZ2xlLTIyLWZ1bGwvcnVudGltZXMvbm9kZWpzMjJAAQ=="},"serviceConfig":{"environmentVariables":{"FIREBASE_CONFIG":"{\"projectId\":\"tennisboard-f1b1e\",\"storageBucket\":\"tennisboard-f1b1e.firebasestorage.app\"}","GCLOUD_PROJECT":"tennisboard-f1b1e","EVENTARC_CLOUD_EVENT_SOURCE":"projects/tennisboard-f1b1e/locations/asia-southeast1/services/sendDailyReminders","FUNCTION_TARGET":"sendDailyReminders","LOG_EXECUTION_ID":"true","FUNCTION_SIGNATURE_TYPE":"http"},"ingressSettings":null,"timeoutSeconds":null,"serviceAccountEmail":null,"availableMemory":"256Mi","minInstanceCount":null,"maxInstanceCount":null,"maxInstanceRequestConcurrency":80,"availableCpu":"1","vpcConnector":null,"vpcConnectorEgressSettings":null,"directVpcNetworkInterface":null,"directVpcEgress":null},"labels":{"deployment-tool":"cli-firebase","deployment-scheduled":"true","firebase-functions-hash":"086f4bf656925f69207c5238e2f6fb8ea4dc96da"}}
[debug] [2026-07-22T06:24:17.185Z] <<< [apiv2][status] PATCH https://cloudfunctions.googleapis.com/v2/projects/tennisboard-f1b1e/locations/asia-southeast1/functions/sendDailyReminders 200
[debug] [2026-07-22T06:24:17.185Z] <<< [apiv2][body] PATCH https://cloudfunctions.googleapis.com/v2/projects/tennisboard-f1b1e/locations/asia-southeast1/functions/sendDailyReminders {"name":"projects/tennisboard-f1b1e/locations/asia-southeast1/operations/operation-1784701456408-6572d3056e0f4-a302990b-3bd5c1f3","metadata":{"@type":"type.googleapis.com/google.cloud.functions.v2.OperationMetadata","createTime":"2026-07-22T06:24:17.677542485Z","target":"projects/tennisboard-f1b1e/locations/asia-southeast1/functions/sendDailyReminders","verb":"update","cancelRequested":false,"apiVersion":"v2"},"done":false}
[debug] [2026-07-22T06:24:17.185Z] Checked if tokens are valid: true, expires at: 1784703856943
[debug] [2026-07-22T06:24:17.185Z] Checked if tokens are valid: true, expires at: 1784703856943
[debug] [2026-07-22T06:24:17.185Z] >>> [apiv2][query] GET https://cloudfunctions.googleapis.com/v2/projects/tennisboard-f1b1e/locations/asia-southeast1/operations/operation-1784701456408-6572d3056e0f4-a302990b-3bd5c1f3 [none]
[debug] [2026-07-22T06:24:17.295Z] <<< [apiv2][status] GET https://cloudfunctions.googleapis.com/v2/projects/tennisboard-f1b1e/locations/asia-southeast1/operations/operation-1784701456408-6572d3056e0f4-a302990b-3bd5c1f3 200
[debug] [2026-07-22T06:24:17.295Z] <<< [apiv2][body] GET https://cloudfunctions.googleapis.com/v2/projects/tennisboard-f1b1e/locations/asia-southeast1/operations/operation-1784701456408-6572d3056e0f4-a302990b-3bd5c1f3 {"name":"projects/tennisboard-f1b1e/locations/asia-southeast1/operations/operation-1784701456408-6572d3056e0f4-a302990b-3bd5c1f3","metadata":{"@type":"type.googleapis.com/google.cloud.functions.v2.OperationMetadata","createTime":"2026-07-22T06:24:17.677542485Z","target":"projects/tennisboard-f1b1e/locations/asia-southeast1/functions/sendDailyReminders","verb":"update","cancelRequested":false,"apiVersion":"v2"},"done":false}
[debug] [2026-07-22T06:24:17.805Z] [update-default-asia-southeast1-sendDailyReminders] Retrying task index 0
[debug] [2026-07-22T06:24:17.806Z] Checked if tokens are valid: true, expires at: 1784703856943
[debug] [2026-07-22T06:24:17.806Z] Checked if tokens are valid: true, expires at: 1784703856943
[debug] [2026-07-22T06:24:17.806Z] >>> [apiv2][query] GET https://cloudfunctions.googleapis.com/v2/projects/tennisboard-f1b1e/locations/asia-southeast1/operations/operation-1784701456408-6572d3056e0f4-a302990b-3bd5c1f3 [none]
[debug] [2026-07-22T06:24:17.908Z] <<< [apiv2][status] GET https://cloudfunctions.googleapis.com/v2/projects/tennisboard-f1b1e/locations/asia-southeast1/operations/operation-1784701456408-6572d3056e0f4-a302990b-3bd5c1f3 200
[debug] [2026-07-22T06:24:17.908Z] <<< [apiv2][body] GET https://cloudfunctions.googleapis.com/v2/projects/tennisboard-f1b1e/locations/asia-southeast1/operations/operation-1784701456408-6572d3056e0f4-a302990b-3bd5c1f3 {"name":"projects/tennisboard-f1b1e/locations/asia-southeast1/operations/operation-1784701456408-6572d3056e0f4-a302990b-3bd5c1f3","metadata":{"@type":"type.googleapis.com/google.cloud.functions.v2.OperationMetadata","createTime":"2026-07-22T06:24:17.677542485Z","target":"projects/tennisboard-f1b1e/locations/asia-southeast1/functions/sendDailyReminders","verb":"update","cancelRequested":false,"apiVersion":"v2","requestResource":{"@type":"type.googleapis.com/google.cloud.functions.v2.Function","name":"projects/tennisboard-f1b1e/locations/asia-southeast1/functions/sendDailyReminders","buildConfig":{"runtime":"nodejs22","entryPoint":"sendDailyReminders","source":{"storageSource":{"bucket":"gcf-v2-sources-633378922804-asia-southeast1","object":"sendDailyReminders/function-source.zip","generation":"1784701457623362"}},"environmentVariables":{"GOOGLE_NODE_RUN_SCRIPTS":""},"dockerRepository":"projects/tennisboard-f1b1e/locations/asia-southeast1/repositories/gcf-artifacts","sourceProvenance":{"resolvedStorageSource":{"bucket":"gcf-v2-sources-633378922804-asia-southeast1","object":"sendDailyReminders/function-source.zip","generation":"1784700422931191"}},"dockerRegistry":"ARTIFACT_REGISTRY","sourceToken":"Cltwcm9qZWN0cy82MzMzNzg5MjI4MDQvbG9jYXRpb25zL2FzaWEtc291dGhlYXN0MS9idWlsZHMvZjE1NTBiNjMtNjAwMS00ZmEzLWFhOTMtYTkwYTJiOTg4YTBmEocBYXNpYS1zb3V0aGVhc3QxLWRvY2tlci5wa2cuZGV2L3Rlbm5pc2JvYXJkLWYxYjFlL2djZi1hcnRpZmFjdHMvdGVubmlzYm9hcmQtLWYxYjFlX19hc2lhLS1zb3V0aGVhc3QxX19kaXNwYXRjaF9ib29raW5nX2NoYW5nZXM6dmVyc2lvbl8xGLTCzcK3EiJVcHJvamVjdHMvdGVubmlzYm9hcmQtZjFiMWUvbG9jYXRpb25zL2FzaWEtc291dGhlYXN0MS9mdW5jdGlvbnMvZGlzcGF0Y2hCb29raW5nQ2hhbmdlcyoMCI/EgdMGEPjc1PkBMghub2RlanMyMjp6CiNnY3IuaW8vZ2FlLXJ1bnRpbWVzL25vZGVqczIyOnN0YWJsZRJTYXNpYS1zb3V0aGVhc3QxLWRvY2tlci5wa2cuZGV2L3NlcnZlcmxlc3MtcnVudGltZXMvZ29vZ2xlLTIyLWZ1bGwvcnVudGltZXMvbm9kZWpzMjJAAQ==","serviceAccount":"projects/tennisboard-f1b1e/serviceAccounts/633378922804-compute@developer.gserviceaccount.com","automaticUpdatePolicy":{}},"serviceConfig":{"service":"projects/tennisboard-f1b1e/locations/asia-southeast1/services/senddailyreminders","timeoutSeconds":60,"environmentVariables":{"FIREBASE_CONFIG":"{\"projectId\":\"tennisboard-f1b1e\",\"storageBucket\":\"tennisboard-f1b1e.firebasestorage.app\"}","GCLOUD_PROJECT":"tennisboard-f1b1e","EVENTARC_CLOUD_EVENT_SOURCE":"projects/tennisboard-f1b1e/locations/asia-southeast1/services/sendDailyReminders","FUNCTION_TARGET":"sendDailyReminders","LOG_EXECUTION_ID":"true","FUNCTION_SIGNATURE_TYPE":"http"},"ingressSettings":"ALLOW_ALL","uri":"https://senddailyreminders-qyvxe23dya-as.a.run.app","serviceAccountEmail":"633378922804-compute@developer.gserviceaccount.com","availableMemory":"256Mi","allTrafficOnLatestRevision":true,"revision":"senddailyreminders-00004-yes","maxInstanceRequestConcurrency":80,"availableCpu":"1"},"state":"ACTIVE","labels":{"deployment-tool":"cli-firebase","deployment-scheduled":"true","firebase-functions-hash":"086f4bf656925f69207c5238e2f6fb8ea4dc96da"},"environment":"GEN_2","url":"https://asia-southeast1-tennisboard-f1b1e.cloudfunctions.net/sendDailyReminders","satisfiesPzs":true,"satisfiesPzi":true},"stages":[{"name":"BUILD","message":"Reusing build","state":"COMPLETE","resource":"projects/633378922804/locations/asia-southeast1/builds/f1550b63-6001-4fa3-aa93-a90a2b988a0f"},{"name":"SERVICE","state":"NOT_STARTED"}],"sourceToken":"Cltwcm9qZWN0cy82MzMzNzg5MjI4MDQvbG9jYXRpb25zL2FzaWEtc291dGhlYXN0MS9idWlsZHMvZjE1NTBiNjMtNjAwMS00ZmEzLWFhOTMtYTkwYTJiOTg4YTBmEocBYXNpYS1zb3V0aGVhc3QxLWRvY2tlci5wa2cuZGV2L3Rlbm5pc2JvYXJkLWYxYjFlL2djZi1hcnRpZmFjdHMvdGVubmlzYm9hcmQtLWYxYjFlX19hc2lhLS1zb3V0aGVhc3QxX19kaXNwYXRjaF9ib29raW5nX2NoYW5nZXM6dmVyc2lvbl8xGLTCzcK3EiJVcHJvamVjdHMvdGVubmlzYm9hcmQtZjFiMWUvbG9jYXRpb25zL2FzaWEtc291dGhlYXN0MS9mdW5jdGlvbnMvZGlzcGF0Y2hCb29raW5nQ2hhbmdlcyoMCI/EgdMGEPjc1PkBMghub2RlanMyMjp6CiNnY3IuaW8vZ2FlLXJ1bnRpbWVzL25vZGVqczIyOnN0YWJsZRJTYXNpYS1zb3V0aGVhc3QxLWRvY2tlci5wa2cuZGV2L3NlcnZlcmxlc3MtcnVudGltZXMvZ29vZ2xlLTIyLWZ1bGwvcnVudGltZXMvbm9kZWpzMjJAAQ==","operationType":"UPDATE_FUNCTION","buildName":"projects/633378922804/locations/asia-southeast1/builds/f1550b63-6001-4fa3-aa93-a90a2b988a0f"},"done":false}
[debug] [2026-07-22T06:24:17.908Z] Got source token Cltwcm9qZWN0cy82MzMzNzg5MjI4MDQvbG9jYXRpb25zL2FzaWEtc291dGhlYXN0MS9idWlsZHMvZjE1NTBiNjMtNjAwMS00ZmEzLWFhOTMtYTkwYTJiOTg4YTBmEocBYXNpYS1zb3V0aGVhc3QxLWRvY2tlci5wa2cuZGV2L3Rlbm5pc2JvYXJkLWYxYjFlL2djZi1hcnRpZmFjdHMvdGVubmlzYm9hcmQtLWYxYjFlX19hc2lhLS1zb3V0aGVhc3QxX19kaXNwYXRjaF9ib29raW5nX2NoYW5nZXM6dmVyc2lvbl8xGLTCzcK3EiJVcHJvamVjdHMvdGVubmlzYm9hcmQtZjFiMWUvbG9jYXRpb25zL2FzaWEtc291dGhlYXN0MS9mdW5jdGlvbnMvZGlzcGF0Y2hCb29raW5nQ2hhbmdlcyoMCI/EgdMGEPjc1PkBMghub2RlanMyMjp6CiNnY3IuaW8vZ2FlLXJ1bnRpbWVzL25vZGVqczIyOnN0YWJsZRJTYXNpYS1zb3V0aGVhc3QxLWRvY2tlci5wa2cuZGV2L3NlcnZlcmxlc3MtcnVudGltZXMvZ29vZ2xlLTIyLWZ1bGwvcnVudGltZXMvbm9kZWpzMjJAAQ== for region asia-southeast1
[debug] [2026-07-22T06:24:18.919Z] [update-default-asia-southeast1-sendDailyReminders] Retrying task index 0
[debug] [2026-07-22T06:24:18.920Z] Checked if tokens are valid: true, expires at: 1784703856943
[debug] [2026-07-22T06:24:18.920Z] Checked if tokens are valid: true, expires at: 1784703856943
[debug] [2026-07-22T06:24:18.920Z] >>> [apiv2][query] GET https://cloudfunctions.googleapis.com/v2/projects/tennisboard-f1b1e/locations/asia-southeast1/operations/operation-1784701456408-6572d3056e0f4-a302990b-3bd5c1f3 [none]
[debug] [2026-07-22T06:24:18.998Z] <<< [apiv2][status] GET https://cloudfunctions.googleapis.com/v2/projects/tennisboard-f1b1e/locations/asia-southeast1/operations/operation-1784701456408-6572d3056e0f4-a302990b-3bd5c1f3 200
[debug] [2026-07-22T06:24:18.998Z] <<< [apiv2][body] GET https://cloudfunctions.googleapis.com/v2/projects/tennisboard-f1b1e/locations/asia-southeast1/operations/operation-1784701456408-6572d3056e0f4-a302990b-3bd5c1f3 {"name":"projects/tennisboard-f1b1e/locations/asia-southeast1/operations/operation-1784701456408-6572d3056e0f4-a302990b-3bd5c1f3","metadata":{"@type":"type.googleapis.com/google.cloud.functions.v2.OperationMetadata","createTime":"2026-07-22T06:24:17.677542485Z","target":"projects/tennisboard-f1b1e/locations/asia-southeast1/functions/sendDailyReminders","verb":"update","cancelRequested":false,"apiVersion":"v2","requestResource":{"@type":"type.googleapis.com/google.cloud.functions.v2.Function","name":"projects/tennisboard-f1b1e/locations/asia-southeast1/functions/sendDailyReminders","buildConfig":{"runtime":"nodejs22","entryPoint":"sendDailyReminders","source":{"storageSource":{"bucket":"gcf-v2-sources-633378922804-asia-southeast1","object":"sendDailyReminders/function-source.zip","generation":"1784701457623362"}},"environmentVariables":{"GOOGLE_NODE_RUN_SCRIPTS":""},"dockerRepository":"projects/tennisboard-f1b1e/locations/asia-southeast1/repositories/gcf-artifacts","sourceProvenance":{"resolvedStorageSource":{"bucket":"gcf-v2-sources-633378922804-asia-southeast1","object":"sendDailyReminders/function-source.zip","generation":"1784700422931191"}},"dockerRegistry":"ARTIFACT_REGISTRY","sourceToken":"Cltwcm9qZWN0cy82MzMzNzg5MjI4MDQvbG9jYXRpb25zL2FzaWEtc291dGhlYXN0MS9idWlsZHMvZjE1NTBiNjMtNjAwMS00ZmEzLWFhOTMtYTkwYTJiOTg4YTBmEocBYXNpYS1zb3V0aGVhc3QxLWRvY2tlci5wa2cuZGV2L3Rlbm5pc2JvYXJkLWYxYjFlL2djZi1hcnRpZmFjdHMvdGVubmlzYm9hcmQtLWYxYjFlX19hc2lhLS1zb3V0aGVhc3QxX19kaXNwYXRjaF9ib29raW5nX2NoYW5nZXM6dmVyc2lvbl8xGLTCzcK3EiJVcHJvamVjdHMvdGVubmlzYm9hcmQtZjFiMWUvbG9jYXRpb25zL2FzaWEtc291dGhlYXN0MS9mdW5jdGlvbnMvZGlzcGF0Y2hCb29raW5nQ2hhbmdlcyoMCI/EgdMGEPjc1PkBMghub2RlanMyMjp6CiNnY3IuaW8vZ2FlLXJ1bnRpbWVzL25vZGVqczIyOnN0YWJsZRJTYXNpYS1zb3V0aGVhc3QxLWRvY2tlci5wa2cuZGV2L3NlcnZlcmxlc3MtcnVudGltZXMvZ29vZ2xlLTIyLWZ1bGwvcnVudGltZXMvbm9kZWpzMjJAAQ==","serviceAccount":"projects/tennisboard-f1b1e/serviceAccounts/633378922804-compute@developer.gserviceaccount.com","automaticUpdatePolicy":{}},"serviceConfig":{"service":"projects/tennisboard-f1b1e/locations/asia-southeast1/services/senddailyreminders","timeoutSeconds":60,"environmentVariables":{"FIREBASE_CONFIG":"{\"projectId\":\"tennisboard-f1b1e\",\"storageBucket\":\"tennisboard-f1b1e.firebasestorage.app\"}","GCLOUD_PROJECT":"tennisboard-f1b1e","EVENTARC_CLOUD_EVENT_SOURCE":"projects/tennisboard-f1b1e/locations/asia-southeast1/services/sendDailyReminders","FUNCTION_TARGET":"sendDailyReminders","LOG_EXECUTION_ID":"true","FUNCTION_SIGNATURE_TYPE":"http"},"ingressSettings":"ALLOW_ALL","uri":"https://senddailyreminders-qyvxe23dya-as.a.run.app","serviceAccountEmail":"633378922804-compute@developer.gserviceaccount.com","availableMemory":"256Mi","allTrafficOnLatestRevision":true,"revision":"senddailyreminders-00004-yes","maxInstanceRequestConcurrency":80,"availableCpu":"1"},"state":"ACTIVE","labels":{"deployment-tool":"cli-firebase","deployment-scheduled":"true","firebase-functions-hash":"086f4bf656925f69207c5238e2f6fb8ea4dc96da"},"environment":"GEN_2","url":"https://asia-southeast1-tennisboard-f1b1e.cloudfunctions.net/sendDailyReminders","satisfiesPzs":true,"satisfiesPzi":true},"stages":[{"name":"BUILD","message":"Reusing build","state":"COMPLETE","resource":"projects/633378922804/locations/asia-southeast1/builds/f1550b63-6001-4fa3-aa93-a90a2b988a0f"},{"name":"SERVICE","message":"Updating Cloud Run service","state":"IN_PROGRESS","resource":"projects/tennisboard-f1b1e/locations/asia-southeast1/services/senddailyreminders","resourceUri":"https://console.cloud.google.com/run/detail/asia-southeast1/senddailyreminders?project=tennisboard-f1b1e","stateMessages":[{"severity":"INFO","type":"CloudRunServiceNewRevisionTrafficInfo","message":"A new revision will be deployed serving with 100% traffic."}]}],"sourceToken":"Cltwcm9qZWN0cy82MzMzNzg5MjI4MDQvbG9jYXRpb25zL2FzaWEtc291dGhlYXN0MS9idWlsZHMvZjE1NTBiNjMtNjAwMS00ZmEzLWFhOTMtYTkwYTJiOTg4YTBmEocBYXNpYS1zb3V0aGVhc3QxLWRvY2tlci5wa2cuZGV2L3Rlbm5pc2JvYXJkLWYxYjFlL2djZi1hcnRpZmFjdHMvdGVubmlzYm9hcmQtLWYxYjFlX19hc2lhLS1zb3V0aGVhc3QxX19kaXNwYXRjaF9ib29raW5nX2NoYW5nZXM6dmVyc2lvbl8xGLTCzcK3EiJVcHJvamVjdHMvdGVubmlzYm9hcmQtZjFiMWUvbG9jYXRpb25zL2FzaWEtc291dGhlYXN0MS9mdW5jdGlvbnMvZGlzcGF0Y2hCb29raW5nQ2hhbmdlcyoMCI/EgdMGEPjc1PkBMghub2RlanMyMjp6CiNnY3IuaW8vZ2FlLXJ1bnRpbWVzL25vZGVqczIyOnN0YWJsZRJTYXNpYS1zb3V0aGVhc3QxLWRvY2tlci5wa2cuZGV2L3NlcnZlcmxlc3MtcnVudGltZXMvZ29vZ2xlLTIyLWZ1bGwvcnVudGltZXMvbm9kZWpzMjJAAQ==","operationType":"UPDATE_FUNCTION","buildName":"projects/633378922804/locations/asia-southeast1/builds/f1550b63-6001-4fa3-aa93-a90a2b988a0f"},"done":false}
[debug] [2026-07-22T06:24:18.998Z] Got source token Cltwcm9qZWN0cy82MzMzNzg5MjI4MDQvbG9jYXRpb25zL2FzaWEtc291dGhlYXN0MS9idWlsZHMvZjE1NTBiNjMtNjAwMS00ZmEzLWFhOTMtYTkwYTJiOTg4YTBmEocBYXNpYS1zb3V0aGVhc3QxLWRvY2tlci5wa2cuZGV2L3Rlbm5pc2JvYXJkLWYxYjFlL2djZi1hcnRpZmFjdHMvdGVubmlzYm9hcmQtLWYxYjFlX19hc2lhLS1zb3V0aGVhc3QxX19kaXNwYXRjaF9ib29raW5nX2NoYW5nZXM6dmVyc2lvbl8xGLTCzcK3EiJVcHJvamVjdHMvdGVubmlzYm9hcmQtZjFiMWUvbG9jYXRpb25zL2FzaWEtc291dGhlYXN0MS9mdW5jdGlvbnMvZGlzcGF0Y2hCb29raW5nQ2hhbmdlcyoMCI/EgdMGEPjc1PkBMghub2RlanMyMjp6CiNnY3IuaW8vZ2FlLXJ1bnRpbWVzL25vZGVqczIyOnN0YWJsZRJTYXNpYS1zb3V0aGVhc3QxLWRvY2tlci5wa2cuZGV2L3NlcnZlcmxlc3MtcnVudGltZXMvZ29vZ2xlLTIyLWZ1bGwvcnVudGltZXMvbm9kZWpzMjJAAQ== for region asia-southeast1
[debug] [2026-07-22T06:24:21.007Z] [update-default-asia-southeast1-sendDailyReminders] Retrying task index 0
[debug] [2026-07-22T06:24:21.008Z] Checked if tokens are valid: true, expires at: 1784703856943
[debug] [2026-07-22T06:24:21.008Z] Checked if tokens are valid: true, expires at: 1784703856943
[debug] [2026-07-22T06:24:21.008Z] >>> [apiv2][query] GET https://cloudfunctions.googleapis.com/v2/projects/tennisboard-f1b1e/locations/asia-southeast1/operations/operation-1784701456408-6572d3056e0f4-a302990b-3bd5c1f3 [none]
[debug] [2026-07-22T06:24:21.100Z] <<< [apiv2][status] GET https://cloudfunctions.googleapis.com/v2/projects/tennisboard-f1b1e/locations/asia-southeast1/operations/operation-1784701456408-6572d3056e0f4-a302990b-3bd5c1f3 200
[debug] [2026-07-22T06:24:21.100Z] <<< [apiv2][body] GET https://cloudfunctions.googleapis.com/v2/projects/tennisboard-f1b1e/locations/asia-southeast1/operations/operation-1784701456408-6572d3056e0f4-a302990b-3bd5c1f3 {"name":"projects/tennisboard-f1b1e/locations/asia-southeast1/operations/operation-1784701456408-6572d3056e0f4-a302990b-3bd5c1f3","metadata":{"@type":"type.googleapis.com/google.cloud.functions.v2.OperationMetadata","createTime":"2026-07-22T06:24:17.677542485Z","target":"projects/tennisboard-f1b1e/locations/asia-southeast1/functions/sendDailyReminders","verb":"update","cancelRequested":false,"apiVersion":"v2","requestResource":{"@type":"type.googleapis.com/google.cloud.functions.v2.Function","name":"projects/tennisboard-f1b1e/locations/asia-southeast1/functions/sendDailyReminders","buildConfig":{"runtime":"nodejs22","entryPoint":"sendDailyReminders","source":{"storageSource":{"bucket":"gcf-v2-sources-633378922804-asia-southeast1","object":"sendDailyReminders/function-source.zip","generation":"1784701457623362"}},"environmentVariables":{"GOOGLE_NODE_RUN_SCRIPTS":""},"dockerRepository":"projects/tennisboard-f1b1e/locations/asia-southeast1/repositories/gcf-artifacts","sourceProvenance":{"resolvedStorageSource":{"bucket":"gcf-v2-sources-633378922804-asia-southeast1","object":"sendDailyReminders/function-source.zip","generation":"1784700422931191"}},"dockerRegistry":"ARTIFACT_REGISTRY","sourceToken":"Cltwcm9qZWN0cy82MzMzNzg5MjI4MDQvbG9jYXRpb25zL2FzaWEtc291dGhlYXN0MS9idWlsZHMvZjE1NTBiNjMtNjAwMS00ZmEzLWFhOTMtYTkwYTJiOTg4YTBmEocBYXNpYS1zb3V0aGVhc3QxLWRvY2tlci5wa2cuZGV2L3Rlbm5pc2JvYXJkLWYxYjFlL2djZi1hcnRpZmFjdHMvdGVubmlzYm9hcmQtLWYxYjFlX19hc2lhLS1zb3V0aGVhc3QxX19kaXNwYXRjaF9ib29raW5nX2NoYW5nZXM6dmVyc2lvbl8xGLTCzcK3EiJVcHJvamVjdHMvdGVubmlzYm9hcmQtZjFiMWUvbG9jYXRpb25zL2FzaWEtc291dGhlYXN0MS9mdW5jdGlvbnMvZGlzcGF0Y2hCb29raW5nQ2hhbmdlcyoMCI/EgdMGEPjc1PkBMghub2RlanMyMjp6CiNnY3IuaW8vZ2FlLXJ1bnRpbWVzL25vZGVqczIyOnN0YWJsZRJTYXNpYS1zb3V0aGVhc3QxLWRvY2tlci5wa2cuZGV2L3NlcnZlcmxlc3MtcnVudGltZXMvZ29vZ2xlLTIyLWZ1bGwvcnVudGltZXMvbm9kZWpzMjJAAQ==","serviceAccount":"projects/tennisboard-f1b1e/serviceAccounts/633378922804-compute@developer.gserviceaccount.com","automaticUpdatePolicy":{}},"serviceConfig":{"service":"projects/tennisboard-f1b1e/locations/asia-southeast1/services/senddailyreminders","timeoutSeconds":60,"environmentVariables":{"FIREBASE_CONFIG":"{\"projectId\":\"tennisboard-f1b1e\",\"storageBucket\":\"tennisboard-f1b1e.firebasestorage.app\"}","GCLOUD_PROJECT":"tennisboard-f1b1e","EVENTARC_CLOUD_EVENT_SOURCE":"projects/tennisboard-f1b1e/locations/asia-southeast1/services/sendDailyReminders","FUNCTION_TARGET":"sendDailyReminders","LOG_EXECUTION_ID":"true","FUNCTION_SIGNATURE_TYPE":"http"},"ingressSettings":"ALLOW_ALL","uri":"https://senddailyreminders-qyvxe23dya-as.a.run.app","serviceAccountEmail":"633378922804-compute@developer.gserviceaccount.com","availableMemory":"256Mi","allTrafficOnLatestRevision":true,"revision":"senddailyreminders-00004-yes","maxInstanceRequestConcurrency":80,"availableCpu":"1"},"state":"ACTIVE","labels":{"deployment-tool":"cli-firebase","deployment-scheduled":"true","firebase-functions-hash":"086f4bf656925f69207c5238e2f6fb8ea4dc96da"},"environment":"GEN_2","url":"https://asia-southeast1-tennisboard-f1b1e.cloudfunctions.net/sendDailyReminders","satisfiesPzs":true,"satisfiesPzi":true},"stages":[{"name":"BUILD","message":"Reusing build","state":"COMPLETE","resource":"projects/633378922804/locations/asia-southeast1/builds/f1550b63-6001-4fa3-aa93-a90a2b988a0f"},{"name":"SERVICE","message":"Updating Cloud Run service","state":"IN_PROGRESS","resource":"projects/tennisboard-f1b1e/locations/asia-southeast1/services/senddailyreminders","resourceUri":"https://console.cloud.google.com/run/detail/asia-southeast1/senddailyreminders?project=tennisboard-f1b1e","stateMessages":[{"severity":"INFO","type":"CloudRunServiceNewRevisionTrafficInfo","message":"A new revision will be deployed serving with 100% traffic."}]}],"sourceToken":"Cltwcm9qZWN0cy82MzMzNzg5MjI4MDQvbG9jYXRpb25zL2FzaWEtc291dGhlYXN0MS9idWlsZHMvZjE1NTBiNjMtNjAwMS00ZmEzLWFhOTMtYTkwYTJiOTg4YTBmEocBYXNpYS1zb3V0aGVhc3QxLWRvY2tlci5wa2cuZGV2L3Rlbm5pc2JvYXJkLWYxYjFlL2djZi1hcnRpZmFjdHMvdGVubmlzYm9hcmQtLWYxYjFlX19hc2lhLS1zb3V0aGVhc3QxX19kaXNwYXRjaF9ib29raW5nX2NoYW5nZXM6dmVyc2lvbl8xGLTCzcK3EiJVcHJvamVjdHMvdGVubmlzYm9hcmQtZjFiMWUvbG9jYXRpb25zL2FzaWEtc291dGhlYXN0MS9mdW5jdGlvbnMvZGlzcGF0Y2hCb29raW5nQ2hhbmdlcyoMCI/EgdMGEPjc1PkBMghub2RlanMyMjp6CiNnY3IuaW8vZ2FlLXJ1bnRpbWVzL25vZGVqczIyOnN0YWJsZRJTYXNpYS1zb3V0aGVhc3QxLWRvY2tlci5wa2cuZGV2L3NlcnZlcmxlc3MtcnVudGltZXMvZ29vZ2xlLTIyLWZ1bGwvcnVudGltZXMvbm9kZWpzMjJAAQ==","operationType":"UPDATE_FUNCTION","buildName":"projects/633378922804/locations/asia-southeast1/builds/f1550b63-6001-4fa3-aa93-a90a2b988a0f"},"done":false}
[debug] [2026-07-22T06:24:21.100Z] Got source token Cltwcm9qZWN0cy82MzMzNzg5MjI4MDQvbG9jYXRpb25zL2FzaWEtc291dGhlYXN0MS9idWlsZHMvZjE1NTBiNjMtNjAwMS00ZmEzLWFhOTMtYTkwYTJiOTg4YTBmEocBYXNpYS1zb3V0aGVhc3QxLWRvY2tlci5wa2cuZGV2L3Rlbm5pc2JvYXJkLWYxYjFlL2djZi1hcnRpZmFjdHMvdGVubmlzYm9hcmQtLWYxYjFlX19hc2lhLS1zb3V0aGVhc3QxX19kaXNwYXRjaF9ib29raW5nX2NoYW5nZXM6dmVyc2lvbl8xGLTCzcK3EiJVcHJvamVjdHMvdGVubmlzYm9hcmQtZjFiMWUvbG9jYXRpb25zL2FzaWEtc291dGhlYXN0MS9mdW5jdGlvbnMvZGlzcGF0Y2hCb29raW5nQ2hhbmdlcyoMCI/EgdMGEPjc1PkBMghub2RlanMyMjp6CiNnY3IuaW8vZ2FlLXJ1bnRpbWVzL25vZGVqczIyOnN0YWJsZRJTYXNpYS1zb3V0aGVhc3QxLWRvY2tlci5wa2cuZGV2L3NlcnZlcmxlc3MtcnVudGltZXMvZ29vZ2xlLTIyLWZ1bGwvcnVudGltZXMvbm9kZWpzMjJAAQ== for region asia-southeast1
[debug] [2026-07-22T06:24:25.107Z] [update-default-asia-southeast1-sendDailyReminders] Retrying task index 0
[debug] [2026-07-22T06:24:25.107Z] Checked if tokens are valid: true, expires at: 1784703856943
[debug] [2026-07-22T06:24:25.107Z] Checked if tokens are valid: true, expires at: 1784703856943
[debug] [2026-07-22T06:24:25.108Z] >>> [apiv2][query] GET https://cloudfunctions.googleapis.com/v2/projects/tennisboard-f1b1e/locations/asia-southeast1/operations/operation-1784701456408-6572d3056e0f4-a302990b-3bd5c1f3 [none]
[debug] [2026-07-22T06:24:25.227Z] <<< [apiv2][status] GET https://cloudfunctions.googleapis.com/v2/projects/tennisboard-f1b1e/locations/asia-southeast1/operations/operation-1784701456408-6572d3056e0f4-a302990b-3bd5c1f3 200
[debug] [2026-07-22T06:24:25.227Z] <<< [apiv2][body] GET https://cloudfunctions.googleapis.com/v2/projects/tennisboard-f1b1e/locations/asia-southeast1/operations/operation-1784701456408-6572d3056e0f4-a302990b-3bd5c1f3 {"name":"projects/tennisboard-f1b1e/locations/asia-southeast1/operations/operation-1784701456408-6572d3056e0f4-a302990b-3bd5c1f3","metadata":{"@type":"type.googleapis.com/google.cloud.functions.v2.OperationMetadata","createTime":"2026-07-22T06:24:17.677542485Z","target":"projects/tennisboard-f1b1e/locations/asia-southeast1/functions/sendDailyReminders","verb":"update","cancelRequested":false,"apiVersion":"v2","requestResource":{"@type":"type.googleapis.com/google.cloud.functions.v2.Function","name":"projects/tennisboard-f1b1e/locations/asia-southeast1/functions/sendDailyReminders","buildConfig":{"runtime":"nodejs22","entryPoint":"sendDailyReminders","source":{"storageSource":{"bucket":"gcf-v2-sources-633378922804-asia-southeast1","object":"sendDailyReminders/function-source.zip","generation":"1784701457623362"}},"environmentVariables":{"GOOGLE_NODE_RUN_SCRIPTS":""},"dockerRepository":"projects/tennisboard-f1b1e/locations/asia-southeast1/repositories/gcf-artifacts","sourceProvenance":{"resolvedStorageSource":{"bucket":"gcf-v2-sources-633378922804-asia-southeast1","object":"sendDailyReminders/function-source.zip","generation":"1784700422931191"}},"dockerRegistry":"ARTIFACT_REGISTRY","sourceToken":"Cltwcm9qZWN0cy82MzMzNzg5MjI4MDQvbG9jYXRpb25zL2FzaWEtc291dGhlYXN0MS9idWlsZHMvZjE1NTBiNjMtNjAwMS00ZmEzLWFhOTMtYTkwYTJiOTg4YTBmEocBYXNpYS1zb3V0aGVhc3QxLWRvY2tlci5wa2cuZGV2L3Rlbm5pc2JvYXJkLWYxYjFlL2djZi1hcnRpZmFjdHMvdGVubmlzYm9hcmQtLWYxYjFlX19hc2lhLS1zb3V0aGVhc3QxX19kaXNwYXRjaF9ib29raW5nX2NoYW5nZXM6dmVyc2lvbl8xGLTCzcK3EiJVcHJvamVjdHMvdGVubmlzYm9hcmQtZjFiMWUvbG9jYXRpb25zL2FzaWEtc291dGhlYXN0MS9mdW5jdGlvbnMvZGlzcGF0Y2hCb29raW5nQ2hhbmdlcyoMCI/EgdMGEPjc1PkBMghub2RlanMyMjp6CiNnY3IuaW8vZ2FlLXJ1bnRpbWVzL25vZGVqczIyOnN0YWJsZRJTYXNpYS1zb3V0aGVhc3QxLWRvY2tlci5wa2cuZGV2L3NlcnZlcmxlc3MtcnVudGltZXMvZ29vZ2xlLTIyLWZ1bGwvcnVudGltZXMvbm9kZWpzMjJAAQ==","serviceAccount":"projects/tennisboard-f1b1e/serviceAccounts/633378922804-compute@developer.gserviceaccount.com","automaticUpdatePolicy":{}},"serviceConfig":{"service":"projects/tennisboard-f1b1e/locations/asia-southeast1/services/senddailyreminders","timeoutSeconds":60,"environmentVariables":{"FIREBASE_CONFIG":"{\"projectId\":\"tennisboard-f1b1e\",\"storageBucket\":\"tennisboard-f1b1e.firebasestorage.app\"}","GCLOUD_PROJECT":"tennisboard-f1b1e","EVENTARC_CLOUD_EVENT_SOURCE":"projects/tennisboard-f1b1e/locations/asia-southeast1/services/sendDailyReminders","FUNCTION_TARGET":"sendDailyReminders","LOG_EXECUTION_ID":"true","FUNCTION_SIGNATURE_TYPE":"http"},"ingressSettings":"ALLOW_ALL","uri":"https://senddailyreminders-qyvxe23dya-as.a.run.app","serviceAccountEmail":"633378922804-compute@developer.gserviceaccount.com","availableMemory":"256Mi","allTrafficOnLatestRevision":true,"revision":"senddailyreminders-00004-yes","maxInstanceRequestConcurrency":80,"availableCpu":"1"},"state":"ACTIVE","labels":{"deployment-tool":"cli-firebase","deployment-scheduled":"true","firebase-functions-hash":"086f4bf656925f69207c5238e2f6fb8ea4dc96da"},"environment":"GEN_2","url":"https://asia-southeast1-tennisboard-f1b1e.cloudfunctions.net/sendDailyReminders","satisfiesPzs":true,"satisfiesPzi":true},"stages":[{"name":"BUILD","message":"Reusing build","state":"COMPLETE","resource":"projects/633378922804/locations/asia-southeast1/builds/f1550b63-6001-4fa3-aa93-a90a2b988a0f"},{"name":"SERVICE","message":"Updating Cloud Run service","state":"IN_PROGRESS","resource":"projects/tennisboard-f1b1e/locations/asia-southeast1/services/senddailyreminders","resourceUri":"https://console.cloud.google.com/run/detail/asia-southeast1/senddailyreminders?project=tennisboard-f1b1e","stateMessages":[{"severity":"INFO","type":"CloudRunServiceNewRevisionTrafficInfo","message":"A new revision will be deployed serving with 100% traffic."}]}],"sourceToken":"Cltwcm9qZWN0cy82MzMzNzg5MjI4MDQvbG9jYXRpb25zL2FzaWEtc291dGhlYXN0MS9idWlsZHMvZjE1NTBiNjMtNjAwMS00ZmEzLWFhOTMtYTkwYTJiOTg4YTBmEocBYXNpYS1zb3V0aGVhc3QxLWRvY2tlci5wa2cuZGV2L3Rlbm5pc2JvYXJkLWYxYjFlL2djZi1hcnRpZmFjdHMvdGVubmlzYm9hcmQtLWYxYjFlX19hc2lhLS1zb3V0aGVhc3QxX19kaXNwYXRjaF9ib29raW5nX2NoYW5nZXM6dmVyc2lvbl8xGLTCzcK3EiJVcHJvamVjdHMvdGVubmlzYm9hcmQtZjFiMWUvbG9jYXRpb25zL2FzaWEtc291dGhlYXN0MS9mdW5jdGlvbnMvZGlzcGF0Y2hCb29raW5nQ2hhbmdlcyoMCI/EgdMGEPjc1PkBMghub2RlanMyMjp6CiNnY3IuaW8vZ2FlLXJ1bnRpbWVzL25vZGVqczIyOnN0YWJsZRJTYXNpYS1zb3V0aGVhc3QxLWRvY2tlci5wa2cuZGV2L3NlcnZlcmxlc3MtcnVudGltZXMvZ29vZ2xlLTIyLWZ1bGwvcnVudGltZXMvbm9kZWpzMjJAAQ==","operationType":"UPDATE_FUNCTION","buildName":"projects/633378922804/locations/asia-southeast1/builds/f1550b63-6001-4fa3-aa93-a90a2b988a0f"},"done":false}
[debug] [2026-07-22T06:24:25.227Z] Got source token Cltwcm9qZWN0cy82MzMzNzg5MjI4MDQvbG9jYXRpb25zL2FzaWEtc291dGhlYXN0MS9idWlsZHMvZjE1NTBiNjMtNjAwMS00ZmEzLWFhOTMtYTkwYTJiOTg4YTBmEocBYXNpYS1zb3V0aGVhc3QxLWRvY2tlci5wa2cuZGV2L3Rlbm5pc2JvYXJkLWYxYjFlL2djZi1hcnRpZmFjdHMvdGVubmlzYm9hcmQtLWYxYjFlX19hc2lhLS1zb3V0aGVhc3QxX19kaXNwYXRjaF9ib29raW5nX2NoYW5nZXM6dmVyc2lvbl8xGLTCzcK3EiJVcHJvamVjdHMvdGVubmlzYm9hcmQtZjFiMWUvbG9jYXRpb25zL2FzaWEtc291dGhlYXN0MS9mdW5jdGlvbnMvZGlzcGF0Y2hCb29raW5nQ2hhbmdlcyoMCI/EgdMGEPjc1PkBMghub2RlanMyMjp6CiNnY3IuaW8vZ2FlLXJ1bnRpbWVzL25vZGVqczIyOnN0YWJsZRJTYXNpYS1zb3V0aGVhc3QxLWRvY2tlci5wa2cuZGV2L3NlcnZlcmxlc3MtcnVudGltZXMvZ29vZ2xlLTIyLWZ1bGwvcnVudGltZXMvbm9kZWpzMjJAAQ== for region asia-southeast1
[debug] [2026-07-22T06:24:25.818Z] [update-default-asia-southeast1-dispatchBookingChanges] Retrying task index 0
[debug] [2026-07-22T06:24:25.818Z] Checked if tokens are valid: true, expires at: 1784703856943
[debug] [2026-07-22T06:24:25.818Z] Checked if tokens are valid: true, expires at: 1784703856943
[debug] [2026-07-22T06:24:25.819Z] >>> [apiv2][query] GET https://cloudfunctions.googleapis.com/v2/projects/tennisboard-f1b1e/locations/asia-southeast1/operations/operation-1784701408306-6572d2d78e5fe-e06a8185-ac81604b [none]
[debug] [2026-07-22T06:24:25.909Z] <<< [apiv2][status] GET https://cloudfunctions.googleapis.com/v2/projects/tennisboard-f1b1e/locations/asia-southeast1/operations/operation-1784701408306-6572d2d78e5fe-e06a8185-ac81604b 200
[debug] [2026-07-22T06:24:25.909Z] <<< [apiv2][body] GET https://cloudfunctions.googleapis.com/v2/projects/tennisboard-f1b1e/locations/asia-southeast1/operations/operation-1784701408306-6572d2d78e5fe-e06a8185-ac81604b {"name":"projects/tennisboard-f1b1e/locations/asia-southeast1/operations/operation-1784701408306-6572d2d78e5fe-e06a8185-ac81604b","metadata":{"@type":"type.googleapis.com/google.cloud.functions.v2.OperationMetadata","createTime":"2026-07-22T06:23:29.550381361Z","endTime":"2026-07-22T06:24:25.215836636Z","target":"projects/tennisboard-f1b1e/locations/asia-southeast1/functions/dispatchBookingChanges","verb":"update","cancelRequested":false,"apiVersion":"v2","requestResource":{"@type":"type.googleapis.com/google.cloud.functions.v2.Function","name":"projects/tennisboard-f1b1e/locations/asia-southeast1/functions/dispatchBookingChanges","buildConfig":{"runtime":"nodejs22","entryPoint":"dispatchBookingChanges","source":{"storageSource":{"bucket":"gcf-v2-sources-633378922804-asia-southeast1","object":"dispatchBookingChanges/function-source.zip","generation":"1784701409491094"}},"environmentVariables":{"GOOGLE_NODE_RUN_SCRIPTS":""},"dockerRepository":"projects/tennisboard-f1b1e/locations/asia-southeast1/repositories/gcf-artifacts","sourceProvenance":{"resolvedStorageSource":{"bucket":"gcf-v2-sources-633378922804-asia-southeast1","object":"dispatchBookingChanges/function-source.zip","generation":"1784700384639235"}},"dockerRegistry":"ARTIFACT_REGISTRY","serviceAccount":"projects/tennisboard-f1b1e/serviceAccounts/633378922804-compute@developer.gserviceaccount.com","automaticUpdatePolicy":{}},"serviceConfig":{"service":"projects/tennisboard-f1b1e/locations/asia-southeast1/services/dispatchbookingchanges","timeoutSeconds":60,"environmentVariables":{"FIREBASE_CONFIG":"{\"projectId\":\"tennisboard-f1b1e\",\"storageBucket\":\"tennisboard-f1b1e.firebasestorage.app\"}","GCLOUD_PROJECT":"tennisboard-f1b1e","EVENTARC_CLOUD_EVENT_SOURCE":"projects/tennisboard-f1b1e/locations/asia-southeast1/services/dispatchBookingChanges","FUNCTION_TARGET":"dispatchBookingChanges","LOG_EXECUTION_ID":"true"},"ingressSettings":"ALLOW_ALL","uri":"https://dispatchbookingchanges-qyvxe23dya-as.a.run.app","serviceAccountEmail":"633378922804-compute@developer.gserviceaccount.com","availableMemory":"256Mi","allTrafficOnLatestRevision":true,"revision":"dispatchbookingchanges-00003-rux","maxInstanceRequestConcurrency":80,"availableCpu":"1"},"state":"ACTIVE","labels":{"deployment-tool":"cli-firebase","deployment-scheduled":"true","firebase-functions-hash":"086f4bf656925f69207c5238e2f6fb8ea4dc96da"},"environment":"GEN_2","url":"https://asia-southeast1-tennisboard-f1b1e.cloudfunctions.net/dispatchBookingChanges","satisfiesPzs":true,"satisfiesPzi":true},"stages":[{"name":"BUILD","message":"Build finished","state":"COMPLETE","resource":"projects/633378922804/locations/asia-southeast1/builds/f1550b63-6001-4fa3-aa93-a90a2b988a0f","resourceUri":"https://console.cloud.google.com/cloud-build/builds;region=asia-southeast1/f1550b63-6001-4fa3-aa93-a90a2b988a0f?project=633378922804"},{"name":"SERVICE","message":"Updating Cloud Run service","state":"COMPLETE","resource":"projects/tennisboard-f1b1e/locations/asia-southeast1/services/dispatchbookingchanges","resourceUri":"https://console.cloud.google.com/run/detail/asia-southeast1/dispatchbookingchanges?project=tennisboard-f1b1e","stateMessages":[{"severity":"INFO","type":"CloudRunServiceNewRevisionTrafficInfo","message":"A new revision will be deployed serving with 100% traffic."}]}],"sourceToken":"Cltwcm9qZWN0cy82MzMzNzg5MjI4MDQvbG9jYXRpb25zL2FzaWEtc291dGhlYXN0MS9idWlsZHMvZjE1NTBiNjMtNjAwMS00ZmEzLWFhOTMtYTkwYTJiOTg4YTBmEocBYXNpYS1zb3V0aGVhc3QxLWRvY2tlci5wa2cuZGV2L3Rlbm5pc2JvYXJkLWYxYjFlL2djZi1hcnRpZmFjdHMvdGVubmlzYm9hcmQtLWYxYjFlX19hc2lhLS1zb3V0aGVhc3QxX19kaXNwYXRjaF9ib29raW5nX2NoYW5nZXM6dmVyc2lvbl8xGLTCzcK3EiJVcHJvamVjdHMvdGVubmlzYm9hcmQtZjFiMWUvbG9jYXRpb25zL2FzaWEtc291dGhlYXN0MS9mdW5jdGlvbnMvZGlzcGF0Y2hCb29raW5nQ2hhbmdlcyoMCI/EgdMGEPjc1PkBMghub2RlanMyMjp6CiNnY3IuaW8vZ2FlLXJ1bnRpbWVzL25vZGVqczIyOnN0YWJsZRJTYXNpYS1zb3V0aGVhc3QxLWRvY2tlci5wa2cuZGV2L3NlcnZlcmxlc3MtcnVudGltZXMvZ29vZ2xlLTIyLWZ1bGwvcnVudGltZXMvbm9kZWpzMjJAAQ==","operationType":"UPDATE_FUNCTION","buildName":"projects/633378922804/locations/asia-southeast1/builds/f1550b63-6001-4fa3-aa93-a90a2b988a0f"},"done":true,"response":{"@type":"type.googleapis.com/google.cloud.functions.v2.Function","name":"projects/tennisboard-f1b1e/locations/asia-southeast1/functions/dispatchBookingChanges","buildConfig":{"build":"projects/633378922804/locations/asia-southeast1/builds/f1550b63-6001-4fa3-aa93-a90a2b988a0f","runtime":"nodejs22","entryPoint":"dispatchBookingChanges","source":{"storageSource":{"bucket":"gcf-v2-sources-633378922804-asia-southeast1","object":"dispatchBookingChanges/function-source.zip","generation":"1784701409491094"}},"environmentVariables":{"GOOGLE_NODE_RUN_SCRIPTS":""},"dockerRepository":"projects/tennisboard-f1b1e/locations/asia-southeast1/repositories/gcf-artifacts","sourceProvenance":{"resolvedStorageSource":{"bucket":"gcf-v2-sources-633378922804-asia-southeast1","object":"dispatchBookingChanges/function-source.zip","generation":"1784701409491094"}},"dockerRegistry":"ARTIFACT_REGISTRY","serviceAccount":"projects/tennisboard-f1b1e/serviceAccounts/633378922804-compute@developer.gserviceaccount.com","automaticUpdatePolicy":{}},"serviceConfig":{"service":"projects/tennisboard-f1b1e/locations/asia-southeast1/services/dispatchbookingchanges","timeoutSeconds":60,"environmentVariables":{"FIREBASE_CONFIG":"{\"projectId\":\"tennisboard-f1b1e\",\"storageBucket\":\"tennisboard-f1b1e.firebasestorage.app\"}","GCLOUD_PROJECT":"tennisboard-f1b1e","EVENTARC_CLOUD_EVENT_SOURCE":"projects/tennisboard-f1b1e/locations/asia-southeast1/services/dispatchBookingChanges","FUNCTION_TARGET":"dispatchBookingChanges","LOG_EXECUTION_ID":"true"},"maxInstanceCount":20,"ingressSettings":"ALLOW_ALL","uri":"https://dispatchbookingchanges-qyvxe23dya-as.a.run.app","serviceAccountEmail":"633378922804-compute@developer.gserviceaccount.com","availableMemory":"256Mi","allTrafficOnLatestRevision":true,"revision":"dispatchbookingchanges-00004-nif","maxInstanceRequestConcurrency":80,"availableCpu":"1"},"state":"ACTIVE","updateTime":"2026-07-22T06:23:29.552786811Z","labels":{"firebase-functions-hash":"086f4bf656925f69207c5238e2f6fb8ea4dc96da","deployment-tool":"cli-firebase","deployment-scheduled":"true"},"environment":"GEN_2","url":"https://asia-southeast1-tennisboard-f1b1e.cloudfunctions.net/dispatchBookingChanges","satisfiesPzs":true,"createTime":"2026-07-22T05:22:50.242085862Z","satisfiesPzi":true}}
[debug] [2026-07-22T06:24:25.909Z] Got source token Cltwcm9qZWN0cy82MzMzNzg5MjI4MDQvbG9jYXRpb25zL2FzaWEtc291dGhlYXN0MS9idWlsZHMvZjE1NTBiNjMtNjAwMS00ZmEzLWFhOTMtYTkwYTJiOTg4YTBmEocBYXNpYS1zb3V0aGVhc3QxLWRvY2tlci5wa2cuZGV2L3Rlbm5pc2JvYXJkLWYxYjFlL2djZi1hcnRpZmFjdHMvdGVubmlzYm9hcmQtLWYxYjFlX19hc2lhLS1zb3V0aGVhc3QxX19kaXNwYXRjaF9ib29raW5nX2NoYW5nZXM6dmVyc2lvbl8xGLTCzcK3EiJVcHJvamVjdHMvdGVubmlzYm9hcmQtZjFiMWUvbG9jYXRpb25zL2FzaWEtc291dGhlYXN0MS9mdW5jdGlvbnMvZGlzcGF0Y2hCb29raW5nQ2hhbmdlcyoMCI/EgdMGEPjc1PkBMghub2RlanMyMjp6CiNnY3IuaW8vZ2FlLXJ1bnRpbWVzL25vZGVqczIyOnN0YWJsZRJTYXNpYS1zb3V0aGVhc3QxLWRvY2tlci5wa2cuZGV2L3NlcnZlcmxlc3MtcnVudGltZXMvZ29vZ2xlLTIyLWZ1bGwvcnVudGltZXMvbm9kZWpzMjJAAQ== for region asia-southeast1
[debug] [2026-07-22T06:24:25.909Z] Checked if tokens are valid: true, expires at: 1784703856943
[debug] [2026-07-22T06:24:25.909Z] Checked if tokens are valid: true, expires at: 1784703856943
[debug] [2026-07-22T06:24:25.909Z] >>> [apiv2][query] GET https://compute.googleapis.com/compute/v1/projects/633378922804 [none]
[debug] [2026-07-22T06:24:26.950Z] <<< [apiv2][status] GET https://compute.googleapis.com/compute/v1/projects/633378922804 403
[debug] [2026-07-22T06:24:26.950Z] <<< [apiv2][body] GET https://compute.googleapis.com/compute/v1/projects/633378922804 {"error":{"code":403,"message":"Compute Engine API has not been used in project 633378922804 before or it is disabled. Enable it by visiting https://console.developers.google.com/apis/api/compute.googleapis.com/overview?project=633378922804 then retry. If you enabled this API recently, wait a few minutes for the action to propagate to our systems and retry.","errors":[{"message":"Compute Engine API has not been used in project 633378922804 before or it is disabled. Enable it by visiting https://console.developers.google.com/apis/api/compute.googleapis.com/overview?project=633378922804 then retry. If you enabled this API recently, wait a few minutes for the action to propagate to our systems and retry.","domain":"usageLimits","reason":"accessNotConfigured","extendedHelp":"https://console.developers.google.com"}],"status":"PERMISSION_DENIED","details":[{"@type":"type.googleapis.com/google.rpc.ErrorInfo","reason":"SERVICE_DISABLED","domain":"googleapis.com","metadata":{"consumer":"projects/633378922804","serviceTitle":"Compute Engine API","containerInfo":"633378922804","service":"compute.googleapis.com","activationUrl":"https://console.developers.google.com/apis/api/compute.googleapis.com/overview?project=633378922804"}},{"@type":"type.googleapis.com/google.rpc.LocalizedMessage","locale":"en-US","message":"Compute Engine API has not been used in project 633378922804 before or it is disabled. Enable it by visiting https://console.developers.google.com/apis/api/compute.googleapis.com/overview?project=633378922804 then retry. If you enabled this API recently, wait a few minutes for the action to propagate to our systems and retry."},{"@type":"type.googleapis.com/google.rpc.Help","links":[{"description":"Google developers console API activation","url":"https://console.developers.google.com/apis/api/compute.googleapis.com/overview?project=633378922804"}]}]}}
[debug] [2026-07-22T06:24:26.950Z] unable to look up default compute service account. Falling back to 633378922804-compute@developer.gserviceaccount.com. Error: {"name":"FirebaseError","children":[],"context":{"body":{"error":{"code":403,"message":"Compute Engine API has not been used in project 633378922804 before or it is disabled. Enable it by visiting https://console.developers.google.com/apis/api/compute.googleapis.com/overview?project=633378922804 then retry. If you enabled this API recently, wait a few minutes for the action to propagate to our systems and retry.","errors":[{"message":"Compute Engine API has not been used in project 633378922804 before or it is disabled. Enable it by visiting https://console.developers.google.com/apis/api/compute.googleapis.com/overview?project=633378922804 then retry. If you enabled this API recently, wait a few minutes for the action to propagate to our systems and retry.","domain":"usageLimits","reason":"accessNotConfigured","extendedHelp":"https://console.developers.google.com"}],"status":"PERMISSION_DENIED","details":[{"@type":"type.googleapis.com/google.rpc.ErrorInfo","reason":"SERVICE_DISABLED","domain":"googleapis.com","metadata":{"consumer":"projects/633378922804","serviceTitle":"Compute Engine API","containerInfo":"633378922804","service":"compute.googleapis.com","activationUrl":"https://console.developers.google.com/apis/api/compute.googleapis.com/overview?project=633378922804"}},{"@type":"type.googleapis.com/google.rpc.LocalizedMessage","locale":"en-US","message":"Compute Engine API has not been used in project 633378922804 before or it is disabled. Enable it by visiting https://console.developers.google.com/apis/api/compute.googleapis.com/overview?project=633378922804 then retry. If you enabled this API recently, wait a few minutes for the action to propagate to our systems and retry."},{"@type":"type.googleapis.com/google.rpc.Help","links":[{"description":"Google developers console API activation","url":"https://console.developers.google.com/apis/api/compute.googleapis.com/overview?project=633378922804"}]}]}},"response":{"statusCode":403}},"exit":1,"message":"Request to https://compute.googleapis.com/compute/v1/projects/633378922804 had HTTP Error: 403, Compute Engine API has not been used in project 633378922804 before or it is disabled. Enable it by visiting https://console.developers.google.com/apis/api/compute.googleapis.com/overview?project=633378922804 then retry. If you enabled this API recently, wait a few minutes for the action to propagate to our systems and retry.","status":403}
[debug] [2026-07-22T06:24:26.951Z] Checked if tokens are valid: true, expires at: 1784703856943
[debug] [2026-07-22T06:24:26.951Z] Checked if tokens are valid: true, expires at: 1784703856943
[debug] [2026-07-22T06:24:26.951Z] >>> [apiv2][query] GET https://run.googleapis.com/v1/projects/tennisboard-f1b1e/locations/asia-southeast1/services/dispatchbookingchanges:getIamPolicy [none]
[debug] [2026-07-22T06:24:27.406Z] <<< [apiv2][status] GET https://run.googleapis.com/v1/projects/tennisboard-f1b1e/locations/asia-southeast1/services/dispatchbookingchanges:getIamPolicy 200
[debug] [2026-07-22T06:24:27.406Z] <<< [apiv2][body] GET https://run.googleapis.com/v1/projects/tennisboard-f1b1e/locations/asia-southeast1/services/dispatchbookingchanges:getIamPolicy {"version":1,"etag":"BwZXLFd02kU=","bindings":[{"role":"roles/run.invoker","members":["serviceAccount:633378922804-compute@developer.gserviceaccount.com"]}]}
[debug] [2026-07-22T06:24:27.407Z] Checked if tokens are valid: true, expires at: 1784703856943
[debug] [2026-07-22T06:24:27.407Z] Checked if tokens are valid: true, expires at: 1784703856943
[debug] [2026-07-22T06:24:27.407Z] >>> [apiv2][query] GET https://compute.googleapis.com/compute/v1/projects/633378922804 [none]
[debug] [2026-07-22T06:24:27.709Z] <<< [apiv2][status] GET https://compute.googleapis.com/compute/v1/projects/633378922804 403
[debug] [2026-07-22T06:24:27.709Z] <<< [apiv2][body] GET https://compute.googleapis.com/compute/v1/projects/633378922804 {"error":{"code":403,"message":"Compute Engine API has not been used in project 633378922804 before or it is disabled. Enable it by visiting https://console.developers.google.com/apis/api/compute.googleapis.com/overview?project=633378922804 then retry. If you enabled this API recently, wait a few minutes for the action to propagate to our systems and retry.","errors":[{"message":"Compute Engine API has not been used in project 633378922804 before or it is disabled. Enable it by visiting https://console.developers.google.com/apis/api/compute.googleapis.com/overview?project=633378922804 then retry. If you enabled this API recently, wait a few minutes for the action to propagate to our systems and retry.","domain":"usageLimits","reason":"accessNotConfigured","extendedHelp":"https://console.developers.google.com"}],"status":"PERMISSION_DENIED","details":[{"@type":"type.googleapis.com/google.rpc.ErrorInfo","reason":"SERVICE_DISABLED","domain":"googleapis.com","metadata":{"service":"compute.googleapis.com","consumer":"projects/633378922804","serviceTitle":"Compute Engine API","activationUrl":"https://console.developers.google.com/apis/api/compute.googleapis.com/overview?project=633378922804","containerInfo":"633378922804"}},{"@type":"type.googleapis.com/google.rpc.LocalizedMessage","locale":"en-US","message":"Compute Engine API has not been used in project 633378922804 before or it is disabled. Enable it by visiting https://console.developers.google.com/apis/api/compute.googleapis.com/overview?project=633378922804 then retry. If you enabled this API recently, wait a few minutes for the action to propagate to our systems and retry."},{"@type":"type.googleapis.com/google.rpc.Help","links":[{"description":"Google developers console API activation","url":"https://console.developers.google.com/apis/api/compute.googleapis.com/overview?project=633378922804"}]}]}}
[debug] [2026-07-22T06:24:27.709Z] unable to look up default compute service account. Falling back to 633378922804-compute@developer.gserviceaccount.com. Error: {"name":"FirebaseError","children":[],"context":{"body":{"error":{"code":403,"message":"Compute Engine API has not been used in project 633378922804 before or it is disabled. Enable it by visiting https://console.developers.google.com/apis/api/compute.googleapis.com/overview?project=633378922804 then retry. If you enabled this API recently, wait a few minutes for the action to propagate to our systems and retry.","errors":[{"message":"Compute Engine API has not been used in project 633378922804 before or it is disabled. Enable it by visiting https://console.developers.google.com/apis/api/compute.googleapis.com/overview?project=633378922804 then retry. If you enabled this API recently, wait a few minutes for the action to propagate to our systems and retry.","domain":"usageLimits","reason":"accessNotConfigured","extendedHelp":"https://console.developers.google.com"}],"status":"PERMISSION_DENIED","details":[{"@type":"type.googleapis.com/google.rpc.ErrorInfo","reason":"SERVICE_DISABLED","domain":"googleapis.com","metadata":{"service":"compute.googleapis.com","consumer":"projects/633378922804","serviceTitle":"Compute Engine API","activationUrl":"https://console.developers.google.com/apis/api/compute.googleapis.com/overview?project=633378922804","containerInfo":"633378922804"}},{"@type":"type.googleapis.com/google.rpc.LocalizedMessage","locale":"en-US","message":"Compute Engine API has not been used in project 633378922804 before or it is disabled. Enable it by visiting https://console.developers.google.com/apis/api/compute.googleapis.com/overview?project=633378922804 then retry. If you enabled this API recently, wait a few minutes for the action to propagate to our systems and retry."},{"@type":"type.googleapis.com/google.rpc.Help","links":[{"description":"Google developers console API activation","url":"https://console.developers.google.com/apis/api/compute.googleapis.com/overview?project=633378922804"}]}]}},"response":{"statusCode":403}},"exit":1,"message":"Request to https://compute.googleapis.com/compute/v1/projects/633378922804 had HTTP Error: 403, Compute Engine API has not been used in project 633378922804 before or it is disabled. Enable it by visiting https://console.developers.google.com/apis/api/compute.googleapis.com/overview?project=633378922804 then retry. If you enabled this API recently, wait a few minutes for the action to propagate to our systems and retry.","status":403}
[debug] [2026-07-22T06:24:27.709Z] Checked if tokens are valid: true, expires at: 1784703856943
[debug] [2026-07-22T06:24:27.709Z] Checked if tokens are valid: true, expires at: 1784703856943
[debug] [2026-07-22T06:24:27.709Z] >>> [apiv2][query] GET https://cloudscheduler.googleapis.com/v1/projects/tennisboard-f1b1e/locations/asia-southeast1/jobs/firebase-schedule-dispatchBookingChanges-asia-southeast1 [none]
[debug] [2026-07-22T06:24:28.346Z] <<< [apiv2][status] GET https://cloudscheduler.googleapis.com/v1/projects/tennisboard-f1b1e/locations/asia-southeast1/jobs/firebase-schedule-dispatchBookingChanges-asia-southeast1 200
[debug] [2026-07-22T06:24:28.346Z] <<< [apiv2][body] GET https://cloudscheduler.googleapis.com/v1/projects/tennisboard-f1b1e/locations/asia-southeast1/jobs/firebase-schedule-dispatchBookingChanges-asia-southeast1 {"name":"projects/tennisboard-f1b1e/locations/asia-southeast1/jobs/firebase-schedule-dispatchBookingChanges-asia-southeast1","httpTarget":{"uri":"https://dispatchbookingchanges-qyvxe23dya-as.a.run.app/","httpMethod":"POST","headers":{"User-Agent":"Google-Cloud-Scheduler"},"oidcToken":{"serviceAccountEmail":"633378922804-compute@developer.gserviceaccount.com","audience":"https://dispatchbookingchanges-qyvxe23dya-as.a.run.app/"}},"userUpdateTime":"2026-07-22T06:07:14.468731Z","state":"ENABLED","status":{},"scheduleTime":"2026-07-22T06:25:03.124159Z","lastAttemptTime":"2026-07-22T06:24:03.323519Z","schedule":"every 1 minutes","timeZone":"Asia/Bangkok","attemptDeadline":"180s"}
[debug] [2026-07-22T06:24:28.347Z] Checked if tokens are valid: true, expires at: 1784703856943
[debug] [2026-07-22T06:24:28.347Z] Checked if tokens are valid: true, expires at: 1784703856943
[debug] [2026-07-22T06:24:28.347Z] >>> [apiv2][query] PATCH https://cloudscheduler.googleapis.com/v1/projects/tennisboard-f1b1e/locations/asia-southeast1/jobs/firebase-schedule-dispatchBookingChanges-asia-southeast1 updateMask=name%2CtimeZone%2ChttpTarget%2Cschedule%2CattemptDeadline
[debug] [2026-07-22T06:24:28.347Z] >>> [apiv2][body] PATCH https://cloudscheduler.googleapis.com/v1/projects/tennisboard-f1b1e/locations/asia-southeast1/jobs/firebase-schedule-dispatchBookingChanges-asia-southeast1 {"timeZone":"Asia/Bangkok","name":"projects/tennisboard-f1b1e/locations/asia-southeast1/jobs/firebase-schedule-dispatchBookingChanges-asia-southeast1","httpTarget":{"uri":"https://dispatchbookingchanges-qyvxe23dya-as.a.run.app","httpMethod":"POST","oidcToken":{"serviceAccountEmail":"633378922804-compute@developer.gserviceaccount.com"}},"schedule":"every 1 minutes","attemptDeadline":null}
[debug] [2026-07-22T06:24:33.025Z] <<< [apiv2][status] PATCH https://cloudscheduler.googleapis.com/v1/projects/tennisboard-f1b1e/locations/asia-southeast1/jobs/firebase-schedule-dispatchBookingChanges-asia-southeast1 200
[debug] [2026-07-22T06:24:33.025Z] <<< [apiv2][body] PATCH https://cloudscheduler.googleapis.com/v1/projects/tennisboard-f1b1e/locations/asia-southeast1/jobs/firebase-schedule-dispatchBookingChanges-asia-southeast1 {"name":"projects/tennisboard-f1b1e/locations/asia-southeast1/jobs/firebase-schedule-dispatchBookingChanges-asia-southeast1","httpTarget":{"uri":"https://dispatchbookingchanges-qyvxe23dya-as.a.run.app/","httpMethod":"POST","headers":{"User-Agent":"Google-Cloud-Scheduler"},"oidcToken":{"serviceAccountEmail":"633378922804-compute@developer.gserviceaccount.com","audience":"https://dispatchbookingchanges-qyvxe23dya-as.a.run.app/"}},"userUpdateTime":"2026-07-22T06:24:33.270277Z","state":"ENABLED","status":{},"scheduleTime":"2026-07-22T06:25:00Z","lastAttemptTime":"2026-07-22T06:24:03.323519Z","schedule":"every 1 minutes","timeZone":"Asia/Bangkok","attemptDeadline":"180s"}
[debug] [2026-07-22T06:24:33.025Z] updated scheduler job firebase-schedule-dispatchBookingChanges-asia-southeast1
[info] +  functions[dispatchBookingChanges(asia-southeast1)] Successful update operation. 
[debug] [2026-07-22T06:24:33.231Z] [update-default-asia-southeast1-sendDailyReminders] Retrying task index 0
[debug] [2026-07-22T06:24:33.231Z] Checked if tokens are valid: true, expires at: 1784703856943
[debug] [2026-07-22T06:24:33.231Z] Checked if tokens are valid: true, expires at: 1784703856943
[debug] [2026-07-22T06:24:33.231Z] >>> [apiv2][query] GET https://cloudfunctions.googleapis.com/v2/projects/tennisboard-f1b1e/locations/asia-southeast1/operations/operation-1784701456408-6572d3056e0f4-a302990b-3bd5c1f3 [none]
[debug] [2026-07-22T06:24:33.353Z] <<< [apiv2][status] GET https://cloudfunctions.googleapis.com/v2/projects/tennisboard-f1b1e/locations/asia-southeast1/operations/operation-1784701456408-6572d3056e0f4-a302990b-3bd5c1f3 200
[debug] [2026-07-22T06:24:33.353Z] <<< [apiv2][body] GET https://cloudfunctions.googleapis.com/v2/projects/tennisboard-f1b1e/locations/asia-southeast1/operations/operation-1784701456408-6572d3056e0f4-a302990b-3bd5c1f3 {"name":"projects/tennisboard-f1b1e/locations/asia-southeast1/operations/operation-1784701456408-6572d3056e0f4-a302990b-3bd5c1f3","metadata":{"@type":"type.googleapis.com/google.cloud.functions.v2.OperationMetadata","createTime":"2026-07-22T06:24:17.677542485Z","endTime":"2026-07-22T06:24:27.518757932Z","target":"projects/tennisboard-f1b1e/locations/asia-southeast1/functions/sendDailyReminders","verb":"update","cancelRequested":false,"apiVersion":"v2","requestResource":{"@type":"type.googleapis.com/google.cloud.functions.v2.Function","name":"projects/tennisboard-f1b1e/locations/asia-southeast1/functions/sendDailyReminders","buildConfig":{"runtime":"nodejs22","entryPoint":"sendDailyReminders","source":{"storageSource":{"bucket":"gcf-v2-sources-633378922804-asia-southeast1","object":"sendDailyReminders/function-source.zip","generation":"1784701457623362"}},"environmentVariables":{"GOOGLE_NODE_RUN_SCRIPTS":""},"dockerRepository":"projects/tennisboard-f1b1e/locations/asia-southeast1/repositories/gcf-artifacts","sourceProvenance":{"resolvedStorageSource":{"bucket":"gcf-v2-sources-633378922804-asia-southeast1","object":"sendDailyReminders/function-source.zip","generation":"1784700422931191"}},"dockerRegistry":"ARTIFACT_REGISTRY","sourceToken":"Cltwcm9qZWN0cy82MzMzNzg5MjI4MDQvbG9jYXRpb25zL2FzaWEtc291dGhlYXN0MS9idWlsZHMvZjE1NTBiNjMtNjAwMS00ZmEzLWFhOTMtYTkwYTJiOTg4YTBmEocBYXNpYS1zb3V0aGVhc3QxLWRvY2tlci5wa2cuZGV2L3Rlbm5pc2JvYXJkLWYxYjFlL2djZi1hcnRpZmFjdHMvdGVubmlzYm9hcmQtLWYxYjFlX19hc2lhLS1zb3V0aGVhc3QxX19kaXNwYXRjaF9ib29raW5nX2NoYW5nZXM6dmVyc2lvbl8xGLTCzcK3EiJVcHJvamVjdHMvdGVubmlzYm9hcmQtZjFiMWUvbG9jYXRpb25zL2FzaWEtc291dGhlYXN0MS9mdW5jdGlvbnMvZGlzcGF0Y2hCb29raW5nQ2hhbmdlcyoMCI/EgdMGEPjc1PkBMghub2RlanMyMjp6CiNnY3IuaW8vZ2FlLXJ1bnRpbWVzL25vZGVqczIyOnN0YWJsZRJTYXNpYS1zb3V0aGVhc3QxLWRvY2tlci5wa2cuZGV2L3NlcnZlcmxlc3MtcnVudGltZXMvZ29vZ2xlLTIyLWZ1bGwvcnVudGltZXMvbm9kZWpzMjJAAQ==","serviceAccount":"projects/tennisboard-f1b1e/serviceAccounts/633378922804-compute@developer.gserviceaccount.com","automaticUpdatePolicy":{}},"serviceConfig":{"service":"projects/tennisboard-f1b1e/locations/asia-southeast1/services/senddailyreminders","timeoutSeconds":60,"environmentVariables":{"FIREBASE_CONFIG":"{\"projectId\":\"tennisboard-f1b1e\",\"storageBucket\":\"tennisboard-f1b1e.firebasestorage.app\"}","GCLOUD_PROJECT":"tennisboard-f1b1e","EVENTARC_CLOUD_EVENT_SOURCE":"projects/tennisboard-f1b1e/locations/asia-southeast1/services/sendDailyReminders","FUNCTION_TARGET":"sendDailyReminders","LOG_EXECUTION_ID":"true","FUNCTION_SIGNATURE_TYPE":"http"},"ingressSettings":"ALLOW_ALL","uri":"https://senddailyreminders-qyvxe23dya-as.a.run.app","serviceAccountEmail":"633378922804-compute@developer.gserviceaccount.com","availableMemory":"256Mi","allTrafficOnLatestRevision":true,"revision":"senddailyreminders-00004-yes","maxInstanceRequestConcurrency":80,"availableCpu":"1"},"state":"ACTIVE","labels":{"deployment-tool":"cli-firebase","deployment-scheduled":"true","firebase-functions-hash":"086f4bf656925f69207c5238e2f6fb8ea4dc96da"},"environment":"GEN_2","url":"https://asia-southeast1-tennisboard-f1b1e.cloudfunctions.net/sendDailyReminders","satisfiesPzs":true,"satisfiesPzi":true},"stages":[{"name":"BUILD","message":"Reusing build","state":"COMPLETE","resource":"projects/633378922804/locations/asia-southeast1/builds/f1550b63-6001-4fa3-aa93-a90a2b988a0f"},{"name":"SERVICE","message":"Updating Cloud Run service","state":"COMPLETE","resource":"projects/tennisboard-f1b1e/locations/asia-southeast1/services/senddailyreminders","resourceUri":"https://console.cloud.google.com/run/detail/asia-southeast1/senddailyreminders?project=tennisboard-f1b1e","stateMessages":[{"severity":"INFO","type":"CloudRunServiceNewRevisionTrafficInfo","message":"A new revision will be deployed serving with 100% traffic."}]}],"sourceToken":"Cltwcm9qZWN0cy82MzMzNzg5MjI4MDQvbG9jYXRpb25zL2FzaWEtc291dGhlYXN0MS9idWlsZHMvZjE1NTBiNjMtNjAwMS00ZmEzLWFhOTMtYTkwYTJiOTg4YTBmEocBYXNpYS1zb3V0aGVhc3QxLWRvY2tlci5wa2cuZGV2L3Rlbm5pc2JvYXJkLWYxYjFlL2djZi1hcnRpZmFjdHMvdGVubmlzYm9hcmQtLWYxYjFlX19hc2lhLS1zb3V0aGVhc3QxX19kaXNwYXRjaF9ib29raW5nX2NoYW5nZXM6dmVyc2lvbl8xGLTCzcK3EiJVcHJvamVjdHMvdGVubmlzYm9hcmQtZjFiMWUvbG9jYXRpb25zL2FzaWEtc291dGhlYXN0MS9mdW5jdGlvbnMvZGlzcGF0Y2hCb29raW5nQ2hhbmdlcyoMCI/EgdMGEPjc1PkBMghub2RlanMyMjp6CiNnY3IuaW8vZ2FlLXJ1bnRpbWVzL25vZGVqczIyOnN0YWJsZRJTYXNpYS1zb3V0aGVhc3QxLWRvY2tlci5wa2cuZGV2L3NlcnZlcmxlc3MtcnVudGltZXMvZ29vZ2xlLTIyLWZ1bGwvcnVudGltZXMvbm9kZWpzMjJAAQ==","operationType":"UPDATE_FUNCTION","buildName":"projects/633378922804/locations/asia-southeast1/builds/f1550b63-6001-4fa3-aa93-a90a2b988a0f"},"done":true,"response":{"@type":"type.googleapis.com/google.cloud.functions.v2.Function","name":"projects/tennisboard-f1b1e/locations/asia-southeast1/functions/sendDailyReminders","buildConfig":{"build":"projects/633378922804/locations/asia-southeast1/builds/f1550b63-6001-4fa3-aa93-a90a2b988a0f","runtime":"nodejs22","entryPoint":"sendDailyReminders","source":{"storageSource":{"bucket":"gcf-v2-sources-633378922804-asia-southeast1","object":"sendDailyReminders/function-source.zip","generation":"1784701457623362"}},"environmentVariables":{"GOOGLE_NODE_RUN_SCRIPTS":""},"dockerRepository":"projects/tennisboard-f1b1e/locations/asia-southeast1/repositories/gcf-artifacts","sourceProvenance":{"resolvedStorageSource":{"bucket":"gcf-v2-sources-633378922804-asia-southeast1","object":"sendDailyReminders/function-source.zip","generation":"1784701457623362"}},"dockerRegistry":"ARTIFACT_REGISTRY","serviceAccount":"projects/tennisboard-f1b1e/serviceAccounts/633378922804-compute@developer.gserviceaccount.com","automaticUpdatePolicy":{}},"serviceConfig":{"service":"projects/tennisboard-f1b1e/locations/asia-southeast1/services/senddailyreminders","timeoutSeconds":60,"environmentVariables":{"FIREBASE_CONFIG":"{\"projectId\":\"tennisboard-f1b1e\",\"storageBucket\":\"tennisboard-f1b1e.firebasestorage.app\"}","GCLOUD_PROJECT":"tennisboard-f1b1e","EVENTARC_CLOUD_EVENT_SOURCE":"projects/tennisboard-f1b1e/locations/asia-southeast1/services/sendDailyReminders","FUNCTION_TARGET":"sendDailyReminders","LOG_EXECUTION_ID":"true","FUNCTION_SIGNATURE_TYPE":"http"},"maxInstanceCount":20,"ingressSettings":"ALLOW_ALL","uri":"https://senddailyreminders-qyvxe23dya-as.a.run.app","serviceAccountEmail":"633378922804-compute@developer.gserviceaccount.com","availableMemory":"256Mi","allTrafficOnLatestRevision":true,"revision":"senddailyreminders-00005-zap","maxInstanceRequestConcurrency":80,"availableCpu":"1"},"state":"ACTIVE","updateTime":"2026-07-22T06:24:17.680301364Z","labels":{"deployment-scheduled":"true","firebase-functions-hash":"086f4bf656925f69207c5238e2f6fb8ea4dc96da","deployment-tool":"cli-firebase"},"environment":"GEN_2","url":"https://asia-southeast1-tennisboard-f1b1e.cloudfunctions.net/sendDailyReminders","satisfiesPzs":true,"createTime":"2026-07-22T05:19:31.164902070Z","satisfiesPzi":true}}
[debug] [2026-07-22T06:24:33.353Z] Got source token Cltwcm9qZWN0cy82MzMzNzg5MjI4MDQvbG9jYXRpb25zL2FzaWEtc291dGhlYXN0MS9idWlsZHMvZjE1NTBiNjMtNjAwMS00ZmEzLWFhOTMtYTkwYTJiOTg4YTBmEocBYXNpYS1zb3V0aGVhc3QxLWRvY2tlci5wa2cuZGV2L3Rlbm5pc2JvYXJkLWYxYjFlL2djZi1hcnRpZmFjdHMvdGVubmlzYm9hcmQtLWYxYjFlX19hc2lhLS1zb3V0aGVhc3QxX19kaXNwYXRjaF9ib29raW5nX2NoYW5nZXM6dmVyc2lvbl8xGLTCzcK3EiJVcHJvamVjdHMvdGVubmlzYm9hcmQtZjFiMWUvbG9jYXRpb25zL2FzaWEtc291dGhlYXN0MS9mdW5jdGlvbnMvZGlzcGF0Y2hCb29raW5nQ2hhbmdlcyoMCI/EgdMGEPjc1PkBMghub2RlanMyMjp6CiNnY3IuaW8vZ2FlLXJ1bnRpbWVzL25vZGVqczIyOnN0YWJsZRJTYXNpYS1zb3V0aGVhc3QxLWRvY2tlci5wa2cuZGV2L3NlcnZlcmxlc3MtcnVudGltZXMvZ29vZ2xlLTIyLWZ1bGwvcnVudGltZXMvbm9kZWpzMjJAAQ== for region asia-southeast1
[debug] [2026-07-22T06:24:33.353Z] Checked if tokens are valid: true, expires at: 1784703856943
[debug] [2026-07-22T06:24:33.353Z] Checked if tokens are valid: true, expires at: 1784703856943
[debug] [2026-07-22T06:24:33.353Z] >>> [apiv2][query] GET https://compute.googleapis.com/compute/v1/projects/633378922804 [none]
[debug] [2026-07-22T06:24:33.711Z] <<< [apiv2][status] GET https://compute.googleapis.com/compute/v1/projects/633378922804 403
[debug] [2026-07-22T06:24:33.711Z] <<< [apiv2][body] GET https://compute.googleapis.com/compute/v1/projects/633378922804 {"error":{"code":403,"message":"Compute Engine API has not been used in project 633378922804 before or it is disabled. Enable it by visiting https://console.developers.google.com/apis/api/compute.googleapis.com/overview?project=633378922804 then retry. If you enabled this API recently, wait a few minutes for the action to propagate to our systems and retry.","errors":[{"message":"Compute Engine API has not been used in project 633378922804 before or it is disabled. Enable it by visiting https://console.developers.google.com/apis/api/compute.googleapis.com/overview?project=633378922804 then retry. If you enabled this API recently, wait a few minutes for the action to propagate to our systems and retry.","domain":"usageLimits","reason":"accessNotConfigured","extendedHelp":"https://console.developers.google.com"}],"status":"PERMISSION_DENIED","details":[{"@type":"type.googleapis.com/google.rpc.ErrorInfo","reason":"SERVICE_DISABLED","domain":"googleapis.com","metadata":{"serviceTitle":"Compute Engine API","activationUrl":"https://console.developers.google.com/apis/api/compute.googleapis.com/overview?project=633378922804","containerInfo":"633378922804","service":"compute.googleapis.com","consumer":"projects/633378922804"}},{"@type":"type.googleapis.com/google.rpc.LocalizedMessage","locale":"en-US","message":"Compute Engine API has not been used in project 633378922804 before or it is disabled. Enable it by visiting https://console.developers.google.com/apis/api/compute.googleapis.com/overview?project=633378922804 then retry. If you enabled this API recently, wait a few minutes for the action to propagate to our systems and retry."},{"@type":"type.googleapis.com/google.rpc.Help","links":[{"description":"Google developers console API activation","url":"https://console.developers.google.com/apis/api/compute.googleapis.com/overview?project=633378922804"}]}]}}
[debug] [2026-07-22T06:24:33.711Z] unable to look up default compute service account. Falling back to 633378922804-compute@developer.gserviceaccount.com. Error: {"name":"FirebaseError","children":[],"context":{"body":{"error":{"code":403,"message":"Compute Engine API has not been used in project 633378922804 before or it is disabled. Enable it by visiting https://console.developers.google.com/apis/api/compute.googleapis.com/overview?project=633378922804 then retry. If you enabled this API recently, wait a few minutes for the action to propagate to our systems and retry.","errors":[{"message":"Compute Engine API has not been used in project 633378922804 before or it is disabled. Enable it by visiting https://console.developers.google.com/apis/api/compute.googleapis.com/overview?project=633378922804 then retry. If you enabled this API recently, wait a few minutes for the action to propagate to our systems and retry.","domain":"usageLimits","reason":"accessNotConfigured","extendedHelp":"https://console.developers.google.com"}],"status":"PERMISSION_DENIED","details":[{"@type":"type.googleapis.com/google.rpc.ErrorInfo","reason":"SERVICE_DISABLED","domain":"googleapis.com","metadata":{"serviceTitle":"Compute Engine API","activationUrl":"https://console.developers.google.com/apis/api/compute.googleapis.com/overview?project=633378922804","containerInfo":"633378922804","service":"compute.googleapis.com","consumer":"projects/633378922804"}},{"@type":"type.googleapis.com/google.rpc.LocalizedMessage","locale":"en-US","message":"Compute Engine API has not been used in project 633378922804 before or it is disabled. Enable it by visiting https://console.developers.google.com/apis/api/compute.googleapis.com/overview?project=633378922804 then retry. If you enabled this API recently, wait a few minutes for the action to propagate to our systems and retry."},{"@type":"type.googleapis.com/google.rpc.Help","links":[{"description":"Google developers console API activation","url":"https://console.developers.google.com/apis/api/compute.googleapis.com/overview?project=633378922804"}]}]}},"response":{"statusCode":403}},"exit":1,"message":"Request to https://compute.googleapis.com/compute/v1/projects/633378922804 had HTTP Error: 403, Compute Engine API has not been used in project 633378922804 before or it is disabled. Enable it by visiting https://console.developers.google.com/apis/api/compute.googleapis.com/overview?project=633378922804 then retry. If you enabled this API recently, wait a few minutes for the action to propagate to our systems and retry.","status":403}
[debug] [2026-07-22T06:24:33.711Z] Checked if tokens are valid: true, expires at: 1784703856943
[debug] [2026-07-22T06:24:33.711Z] Checked if tokens are valid: true, expires at: 1784703856943
[debug] [2026-07-22T06:24:33.711Z] >>> [apiv2][query] GET https://run.googleapis.com/v1/projects/tennisboard-f1b1e/locations/asia-southeast1/services/senddailyreminders:getIamPolicy [none]
[debug] [2026-07-22T06:24:34.109Z] <<< [apiv2][status] GET https://run.googleapis.com/v1/projects/tennisboard-f1b1e/locations/asia-southeast1/services/senddailyreminders:getIamPolicy 200
[debug] [2026-07-22T06:24:34.109Z] <<< [apiv2][body] GET https://run.googleapis.com/v1/projects/tennisboard-f1b1e/locations/asia-southeast1/services/senddailyreminders:getIamPolicy {"version":1,"etag":"BwZXLE1qyTg=","bindings":[{"role":"roles/run.invoker","members":["serviceAccount:633378922804-compute@developer.gserviceaccount.com"]}]}
[debug] [2026-07-22T06:24:34.109Z] Checked if tokens are valid: true, expires at: 1784703856943
[debug] [2026-07-22T06:24:34.109Z] Checked if tokens are valid: true, expires at: 1784703856943
[debug] [2026-07-22T06:24:34.109Z] >>> [apiv2][query] GET https://compute.googleapis.com/compute/v1/projects/633378922804 [none]
[debug] [2026-07-22T06:24:34.856Z] <<< [apiv2][status] GET https://compute.googleapis.com/compute/v1/projects/633378922804 403
[debug] [2026-07-22T06:24:34.856Z] <<< [apiv2][body] GET https://compute.googleapis.com/compute/v1/projects/633378922804 {"error":{"code":403,"message":"Compute Engine API has not been used in project 633378922804 before or it is disabled. Enable it by visiting https://console.developers.google.com/apis/api/compute.googleapis.com/overview?project=633378922804 then retry. If you enabled this API recently, wait a few minutes for the action to propagate to our systems and retry.","errors":[{"message":"Compute Engine API has not been used in project 633378922804 before or it is disabled. Enable it by visiting https://console.developers.google.com/apis/api/compute.googleapis.com/overview?project=633378922804 then retry. If you enabled this API recently, wait a few minutes for the action to propagate to our systems and retry.","domain":"usageLimits","reason":"accessNotConfigured","extendedHelp":"https://console.developers.google.com"}],"status":"PERMISSION_DENIED","details":[{"@type":"type.googleapis.com/google.rpc.ErrorInfo","reason":"SERVICE_DISABLED","domain":"googleapis.com","metadata":{"activationUrl":"https://console.developers.google.com/apis/api/compute.googleapis.com/overview?project=633378922804","consumer":"projects/633378922804","containerInfo":"633378922804","serviceTitle":"Compute Engine API","service":"compute.googleapis.com"}},{"@type":"type.googleapis.com/google.rpc.LocalizedMessage","locale":"en-US","message":"Compute Engine API has not been used in project 633378922804 before or it is disabled. Enable it by visiting https://console.developers.google.com/apis/api/compute.googleapis.com/overview?project=633378922804 then retry. If you enabled this API recently, wait a few minutes for the action to propagate to our systems and retry."},{"@type":"type.googleapis.com/google.rpc.Help","links":[{"description":"Google developers console API activation","url":"https://console.developers.google.com/apis/api/compute.googleapis.com/overview?project=633378922804"}]}]}}
[debug] [2026-07-22T06:24:34.856Z] unable to look up default compute service account. Falling back to 633378922804-compute@developer.gserviceaccount.com. Error: {"name":"FirebaseError","children":[],"context":{"body":{"error":{"code":403,"message":"Compute Engine API has not been used in project 633378922804 before or it is disabled. Enable it by visiting https://console.developers.google.com/apis/api/compute.googleapis.com/overview?project=633378922804 then retry. If you enabled this API recently, wait a few minutes for the action to propagate to our systems and retry.","errors":[{"message":"Compute Engine API has not been used in project 633378922804 before or it is disabled. Enable it by visiting https://console.developers.google.com/apis/api/compute.googleapis.com/overview?project=633378922804 then retry. If you enabled this API recently, wait a few minutes for the action to propagate to our systems and retry.","domain":"usageLimits","reason":"accessNotConfigured","extendedHelp":"https://console.developers.google.com"}],"status":"PERMISSION_DENIED","details":[{"@type":"type.googleapis.com/google.rpc.ErrorInfo","reason":"SERVICE_DISABLED","domain":"googleapis.com","metadata":{"activationUrl":"https://console.developers.google.com/apis/api/compute.googleapis.com/overview?project=633378922804","consumer":"projects/633378922804","containerInfo":"633378922804","serviceTitle":"Compute Engine API","service":"compute.googleapis.com"}},{"@type":"type.googleapis.com/google.rpc.LocalizedMessage","locale":"en-US","message":"Compute Engine API has not been used in project 633378922804 before or it is disabled. Enable it by visiting https://console.developers.google.com/apis/api/compute.googleapis.com/overview?project=633378922804 then retry. If you enabled this API recently, wait a few minutes for the action to propagate to our systems and retry."},{"@type":"type.googleapis.com/google.rpc.Help","links":[{"description":"Google developers console API activation","url":"https://console.developers.google.com/apis/api/compute.googleapis.com/overview?project=633378922804"}]}]}},"response":{"statusCode":403}},"exit":1,"message":"Request to https://compute.googleapis.com/compute/v1/projects/633378922804 had HTTP Error: 403, Compute Engine API has not been used in project 633378922804 before or it is disabled. Enable it by visiting https://console.developers.google.com/apis/api/compute.googleapis.com/overview?project=633378922804 then retry. If you enabled this API recently, wait a few minutes for the action to propagate to our systems and retry.","status":403}
[debug] [2026-07-22T06:24:34.856Z] Checked if tokens are valid: true, expires at: 1784703856943
[debug] [2026-07-22T06:24:34.856Z] Checked if tokens are valid: true, expires at: 1784703856943
[debug] [2026-07-22T06:24:34.856Z] >>> [apiv2][query] GET https://cloudscheduler.googleapis.com/v1/projects/tennisboard-f1b1e/locations/asia-southeast1/jobs/firebase-schedule-sendDailyReminders-asia-southeast1 [none]
[debug] [2026-07-22T06:24:34.990Z] <<< [apiv2][status] GET https://cloudscheduler.googleapis.com/v1/projects/tennisboard-f1b1e/locations/asia-southeast1/jobs/firebase-schedule-sendDailyReminders-asia-southeast1 200
[debug] [2026-07-22T06:24:34.991Z] <<< [apiv2][body] GET https://cloudscheduler.googleapis.com/v1/projects/tennisboard-f1b1e/locations/asia-southeast1/jobs/firebase-schedule-sendDailyReminders-asia-southeast1 {"name":"projects/tennisboard-f1b1e/locations/asia-southeast1/jobs/firebase-schedule-sendDailyReminders-asia-southeast1","httpTarget":{"uri":"https://senddailyreminders-qyvxe23dya-as.a.run.app/","httpMethod":"POST","headers":{"User-Agent":"Google-Cloud-Scheduler"},"oidcToken":{"serviceAccountEmail":"633378922804-compute@developer.gserviceaccount.com","audience":"https://senddailyreminders-qyvxe23dya-as.a.run.app/"}},"userUpdateTime":"2026-07-22T06:07:20.733111Z","state":"ENABLED","status":{"code":-1},"scheduleTime":"2026-07-22T08:00:00Z","schedule":"0 15 * * *","timeZone":"Asia/Bangkok","attemptDeadline":"180s"}
[debug] [2026-07-22T06:24:34.991Z] Checked if tokens are valid: true, expires at: 1784703856943
[debug] [2026-07-22T06:24:34.991Z] Checked if tokens are valid: true, expires at: 1784703856943
[debug] [2026-07-22T06:24:34.991Z] >>> [apiv2][query] PATCH https://cloudscheduler.googleapis.com/v1/projects/tennisboard-f1b1e/locations/asia-southeast1/jobs/firebase-schedule-sendDailyReminders-asia-southeast1 updateMask=name%2CtimeZone%2ChttpTarget%2Cschedule%2CattemptDeadline
[debug] [2026-07-22T06:24:34.991Z] >>> [apiv2][body] PATCH https://cloudscheduler.googleapis.com/v1/projects/tennisboard-f1b1e/locations/asia-southeast1/jobs/firebase-schedule-sendDailyReminders-asia-southeast1 {"timeZone":"Asia/Bangkok","name":"projects/tennisboard-f1b1e/locations/asia-southeast1/jobs/firebase-schedule-sendDailyReminders-asia-southeast1","httpTarget":{"uri":"https://senddailyreminders-qyvxe23dya-as.a.run.app","httpMethod":"POST","oidcToken":{"serviceAccountEmail":"633378922804-compute@developer.gserviceaccount.com"}},"schedule":"0 15 * * *","attemptDeadline":null}
[debug] [2026-07-22T06:24:35.329Z] <<< [apiv2][status] PATCH https://cloudscheduler.googleapis.com/v1/projects/tennisboard-f1b1e/locations/asia-southeast1/jobs/firebase-schedule-sendDailyReminders-asia-southeast1 200
[debug] [2026-07-22T06:24:35.330Z] <<< [apiv2][body] PATCH https://cloudscheduler.googleapis.com/v1/projects/tennisboard-f1b1e/locations/asia-southeast1/jobs/firebase-schedule-sendDailyReminders-asia-southeast1 {"name":"projects/tennisboard-f1b1e/locations/asia-southeast1/jobs/firebase-schedule-sendDailyReminders-asia-southeast1","httpTarget":{"uri":"https://senddailyreminders-qyvxe23dya-as.a.run.app/","httpMethod":"POST","headers":{"User-Agent":"Google-Cloud-Scheduler"},"oidcToken":{"serviceAccountEmail":"633378922804-compute@developer.gserviceaccount.com","audience":"https://senddailyreminders-qyvxe23dya-as.a.run.app/"}},"userUpdateTime":"2026-07-22T06:24:35.778353Z","state":"ENABLED","status":{"code":-1},"scheduleTime":"2026-07-22T08:00:00Z","schedule":"0 15 * * *","timeZone":"Asia/Bangkok","attemptDeadline":"180s"}
[debug] [2026-07-22T06:24:35.330Z] updated scheduler job firebase-schedule-sendDailyReminders-asia-southeast1
[info] +  functions[sendDailyReminders(asia-southeast1)] Successful update operation. 
[debug] [2026-07-22T06:24:35.334Z] Total Function Deployment time: 67631
[debug] [2026-07-22T06:24:35.335Z] 2 Functions Deployed
[debug] [2026-07-22T06:24:35.335Z] 0 Functions Errored
[debug] [2026-07-22T06:24:35.335Z] 0 Function Deployments Aborted
[debug] [2026-07-22T06:24:35.335Z] Average Function Deployment time: 66478
[debug] [2026-07-22T06:24:35.499Z] Checked if tokens are valid: true, expires at: 1784703856943
[debug] [2026-07-22T06:24:35.499Z] Checked if tokens are valid: true, expires at: 1784703856943
[debug] [2026-07-22T06:24:35.499Z] >>> [apiv2][query] GET https://artifactregistry.googleapis.com/v1/projects/tennisboard-f1b1e/locations/asia-southeast1/repositories/gcf-artifacts [none]
[debug] [2026-07-22T06:24:35.705Z] <<< [apiv2][status] GET https://artifactregistry.googleapis.com/v1/projects/tennisboard-f1b1e/locations/asia-southeast1/repositories/gcf-artifacts 200
[debug] [2026-07-22T06:24:35.705Z] <<< [apiv2][body] GET https://artifactregistry.googleapis.com/v1/projects/tennisboard-f1b1e/locations/asia-southeast1/repositories/gcf-artifacts {"name":"projects/tennisboard-f1b1e/locations/asia-southeast1/repositories/gcf-artifacts","format":"DOCKER","description":"This repository is created and used by Cloud Functions for storing function docker images.","labels":{"goog-managed-by":"cloudfunctions"},"createTime":"2026-07-22T05:19:47.249394Z","updateTime":"2026-07-22T06:23:56.528935Z","mode":"STANDARD_REPOSITORY","cleanupPolicies":{"firebase-functions-cleanup":{"id":"firebase-functions-cleanup","action":"DELETE","condition":{"tagState":"ANY","olderThan":"604800s"}}},"sizeBytes":"165223334","satisfiesPzs":true,"vulnerabilityScanningConfig":{"lastEnableTime":"2026-07-22T05:19:31.338899997Z","enablementState":"SCANNING_DISABLED","enablementStateReason":"API containerscanning.googleapis.com is not enabled."},"satisfiesPzi":true,"registryUri":"asia-southeast1-docker.pkg.dev/tennisboard-f1b1e/gcf-artifacts"}
[info] 
[info] +  Deploy complete! 
[info] 
[info] Project Console: https://console.firebase.google.com/project/tennisboard-f1b1e/overview
